,user_id,user_screen_name,user_name,sentences,personality_type
0,1303524469978198016,makirollball,Sabi,['add mbti 4 character type entj'],ENTJ
1,1340245022122397701,melanchoartie,Arthur/Emile K. â˜•ï¸ Mercielover666,['im god normal entj 1w2'],ENTJ
2,1340245022122397701,melanchoartie,Arthur/Emile K. â˜•ï¸ Mercielover666,['noel whats wrong entj'],ENTJ
3,1340245022122397701,melanchoartie,Arthur/Emile K. â˜•ï¸ Mercielover666,['whats wrong entj'],ENTJ
4,1413989205890457601,HIRA_SHIZU,ğ“ğ‡ğ„ğ˜ ğ‚ğ€ğ‹ğ‹ ğŒğ„ ğ‡ğˆğ‘ğ€ ğ’‰­,['esfp infp friend really want entj intp friend specially intps'],ENTJ
5,56722736,carlyinNJ,ğŸ§¡Carly Says Things BeğŸ’—Kind â‡ğŸ’šğŸŒ #JusticeMatters,['entj opportunist instead taking test youll give ted talk explaining test bullshit'],ENTJ
6,1397781122507968514,mithakyunai,Mithakyunai | Limited,['artist palette gabby reveal 1 raise ai become intj amp entjartist palette bringing brain brawn table savvy'],ENTJ
7,138490213,pinnpoint,pinnpoint,['entj opportunist instead taking test youll give ted talk explaining test bullshit'],ENTJ
8,17628336,thebenreynolds,Ben Reynolds,['entj opportunist instead taking test youll give ted talk explaining test bullshit'],ENTJ
9,17630915,drewloewe,Drew M. Loewe #GoHawks,['entj opportunist instead taking test youll give ted talk explaining test bullshit'],ENTJ
10,16662512,michaelluongo,michaelluongo,['entj opportunist instead taking test youll give ted talk explaining test bullshit'],ENTJ
11,30109507,mcsweeneys,Timothy McSweeney,['entj opportunist instead taking test youll give ted talk explaining test bullshit'],ENTJ
12,1011100897315733504,mbtitime,MJ â˜» Jungian Onion,['_ãƒ„_ forgive b forget c cut depends'],ENTJ
13,1486660944142897158,glorysoblessed,Glory è‘‰ ğŸµ,['entj like'],ENTJ
14,995762999989293057,ilovecitt,selene,['chose intp entj guy'],ENTJ
15,731862813497425920,divumblue,â˜€,['add mbti put four character mbti entj sebagian besar peran antagonis'],ENTJ
16,1331348780864696322,sangokakutrees,sitara hates thua !! ğŸŒº,['entj 8 cognitive function top 4 strongest'],ENTJ
17,1486660944142897158,glorysoblessed,Glory è‘‰ ğŸµ,['brother entj infp church brother online talking bout love girlfriend trying catch'],ENTJ
18,1263443099998736384,redondommmm,redondom,['add ur mbti put 4 character mbti entj'],ENTJ
19,1480538412935712768,ycbia,yubia,['add mbti put 4 character type entj'],ENTJ
20,1495539776576901120,unwavringheart,aster,['entj sp7 special breed fear'],ENTJ
21,980077880746151936,vlfeshit,nega-adrianğŸ˜ˆ (hereforleast) | NIX ğŸ¦†,['tw im entj im basically bad'],ENTJ
22,1249326033871998978,entj_1w2,sonya | TOTK 12.05.2023 !!,['real'],ENTJ
23,1249326033871998978,entj_1w2,sonya | TOTK 12.05.2023 !!,['anyone else finding enemy totk ridiculously difficult beat bad gaming loudly cry face like mobl'],ENTJ
24,1249326033871998978,entj_1w2,sonya | TOTK 12.05.2023 !!,['tree killed smiling face hearteyessmiling face hearteyes'],ENTJ
25,1010234888,katwomanfifi,Felicia Perez,['thinking face wonder play mbti amateur psychologist opinion p'],ENTJ
26,1597631305529069568,juliasartgalaxy,âœ¨Juliaâœ¨,['meanwhile idea mbti mean got entj took quiz know thats actual mbti'],ENTJ
27,1598877389110624257,dyllanator,dyllan | SIMON DAY,['Ë‹ hiya shouldnt crybut love itstargirllt 33 Ë‹'],ENTJ
28,60848507,seavenwaves,ğŸ˜¶â€ğŸŒ«ï¸ REEtired ğŸ¹ğŸ«,['idk maybe guy need understand ibara stereotyped entj guy always think bcs feel'],ENTJ
29,160768522,PurelyNumbers,Lori ğŸ‘‘ Emotional Support CPA,['im also entj dont belong accountant role grinning squinting face'],ENTJ
30,1415953746199203840,shaaabbi,shabi ğŸ•Šï¸ğŸ‡«ğŸ‡®,['add mbti 4 character type entj'],ENTJ
31,1019186385356558336,13febbraio2018,â€¢ğ“œğ“ªğ“»ğ“½ğ”‚ ğ“¢ğ“¹ğ“ªğ“°ğ“±ğ“®ğ“½ğ“½ğ“²â€¢ğŸŒ»,['add mbti put 4 character mbti bonus kim possible blair waldorf e la princi'],ENTJ
32,1622458997805834242,fieryravenette,AÊ€Éªá´€ M. Má´É´á´›É¢á´á´á´‡Ê€Ê,['also naturally articulate speaks direct way eliminates informative entp jughead jones'],ENTJ
33,707681509000368130,Reygey23,Alex Reyes,['yea aint beatin allegation entj'],ENTJ
34,1502687205084516359,strngrsatellite,"gin, m.s.! ğŸ±",['add mbti put 4 character mbti entj literally cant make shit eri'],ENTJ
35,290476003,sum_entj,SÃ¼m,['none business'],ENTJ
36,2254928756,valyrianst,valeriğŸŒ˜,['add mbti put 4 character mbti entjsign horn mediumlight skin tone'],ENTJ
37,1496817589040857092,heidiclarice222,heidi â˜†å½¡,['add mbti put 4 character mbti entjglowing star'],ENTJ
38,1541094986321641472,Primadoxxna,â· lesbian president vixâ·,['Ë‹ hiya shouldnt crybut love itstargirllt 33'],ENTJ
39,1514339223930875910,plutonianthinks,AMIRAâœ§,['way feel always deep comfort character klaus shadow entj'],ENTJ
40,1544697942048550912,Morgan2pointo,It's Morgan Time! ğŸª©ğŸ§­,['add mbti 4 character type entj'],ENTJ
41,1464670395890548736,vampirel3azwa,ğŸ§›ğŸ¿â€â™‚ï¸,['entj r nul love'],ENTJ
42,1644001220179132417,istdieliebet0t,james ğŸ¦Œ finals era (13/16),['went character personality database website looked hannibal character scrolled'],ENTJ
43,1539415416375762946,T0JIDDIES,dua,['entj cuntress solidarity'],ENTJ
44,1593031034437865478,felipe_devstdy,Felipe ğŸ§‘ğŸ»â€ğŸ’» | collegetwt,['hayo im new 19 yo medstudent love immunology virgo virgo amp entj also like physic chem'],ENTJ
45,1427642383383019537,Hameedmoyal1,"Hameedmoyal.| Fuelet Free, OwnğŸ§Ÿâ€â™‚ï¸",['artist palette gabby reveal 1 raise ai become intj amp entjartist palette bringing brain brawn table savvy'],ENTJ
46,3610886239,c_woodzon,WOODZ.,['guess mbti final result yeah right entp right arrow entj right arrow cute face savoring food'],ENTJ
47,1514339223930875910,plutonianthinks,AMIRAâœ§,['filled negative energy ignore wtf mbti loudly cry faceloudly cry face yall really believed youre entj'],ENTJ
48,2891308121,gallerychapel,@GalleryChapel@mstdn.social â™¿ï¸,['entj confirm'],ENTJ
49,1273867277536919557,eurie_namster,Eurie,['add mbti 4 character share entj victory hand weve got edelgard fire emblem three house reinha'],ENTJ
50,504093699,FierteLuxure,gelo,['believe entj supremacy'],ENTJ
51,1469239216630501377,aria_4_ever,ğŸ’£,['still cant get youre enfp moai fr immediately thought entj saw tweet tl'],ENTJ
52,1280963402320556037,thetinyphoenix,ğŸ•Š ìê¸°ì•¼,['funny lmao read entj description tbh see youd think lmao im also wa'],ENTJ
53,1469239216630501377,aria_4_ever,ğŸ’£,['youre enfp thought entj loudly cry face'],ENTJ
54,1876841347,mellabassett,mellabassett,['entj work department filled entf intf ended leaving'],ENTJ
55,1558926792626524163,yonderly_777,vandijka,['entj r nul love'],ENTJ
56,1491207078597308423,yaalbilayla,IrisğŸª»,['add mbti put four character mbti entj lt3'],ENTJ
57,1390399725006901251,Elysian__99,Fâœ¨,['add mbti put 4 character mbti entj'],ENTJ
58,1324601671582801920,soupbuffet,c,['w kalo punya pacar anak extro esp entj id probably dgaf want hang homies everyday c id'],ENTJ
59,1448225217692717059,emublood,emu :),['entering entj phase soon'],ENTJ
60,1451836714117443585,weastvcoast,ciro || OCEAN BLVD,['add mbti put 4 character mbti entj'],ENTJ
61,1318299630048870400,Idontwikeit13,AM || CEO of mentalbreakdown,['ops website searched put entj good know'],ENTJ
62,1451836714117443585,weastvcoast,ciro || OCEAN BLVD,['add mbti put 4 character mbti entj iconic'],ENTJ
63,1579006505835274240,4udaa,huda,['add ur mbti put 4 character type dont subscribe mbti entj'],ENTJ
64,1552755340449652736,padmeidala,â¤ï¸â€ğŸ”¥,['add mbti put 4 character mbti entj'],ENTJ
65,1169372272206987265,kazifiied,kyra â€§â‚ŠËš ğ”©ğ”¦ğ”±ğ”±ğ”©ğ”¢ ğ”£ğ”¬ğ”µ.,['add mbti put four character mbti entj'],ENTJ
66,951273199,f1_aly,aly ğŸ,['tbh rare see another entj smiling face tear'],ENTJ
67,1486660944142897158,glorysoblessed,Glory è‘‰ ğŸµ,['entj church brother break boyfriend called ugly entj never befriend ug'],ENTJ
68,1047637884445097984,banmomoyuki,raeli ^__^,['guess entj slippery slope god he far removed usual type disorienting'],ENTJ
69,1566743738088579072,nerdbabexf1,â˜¾GAMâ˜½,['add mbti put 4 character mbti entj'],ENTJ
70,1318299630048870400,Idontwikeit13,AM || CEO of mentalbreakdown,['add mbti put 4 character mbti entj'],ENTJ
71,1622602553409306624,yyunzino,â˜†,['entj need u bro'],ENTJ
72,1169663181305700352,jiwaperak,á´ŠÉªá´¡á´€ ğŸ¤Ÿ #á´Šá´€Êá´„Êœá´€É´É¢,['hoshi infp jihoon entj bias skskhgsgs whats connection'],ENTJ
73,1169663181305700352,jiwaperak,á´ŠÉªá´¡á´€ ğŸ¤Ÿ #á´Šá´€Êá´„Êœá´€É´É¢,['omg mbti also entj like jongwoo wumuti mean im perfect match jayloudly cry face'],ENTJ
74,896830499762712577,lucidbomin,duke,['jongwoo entj make much sense like he charismatic commanding loudly cry face ugh'],ENTJ
75,1402813396249161735,lafumoneta,Nina ğŸ‡µğŸ‡±,['add mbti put 4 character mbti entj'],ENTJ
76,1649852227757166592,RlCKYNATION,indi(go) ğŸ“,['entj absolutely perfect everything'],ENTJ
77,772299733977010176,naurprovenance,c,['entj woman'],ENTJ
78,1524410858897559553,wrvthemilia,SerenağŸ,['add mbti put four character mbti entj'],ENTJ
79,1416895189159981059,abdnsry,AğŸºğŸ§¬âŒšï¸,['entj thomas shelby patrick bateman homelander harvey specter'],ENTJ
80,1542187293670252546,YourFaveNatalie,Carolyn + Claire,['lowk realized thought myers briggs people fucking stupid bc im entj wanted infp'],ENTJ
81,1380739934856839176,guilleFrockwell,Paloâ­ï¸â­ï¸â­ï¸,['add mbti put 4 character mbti entj'],ENTJ
82,1552130364877189120,gafthering,aurelia âœ§.,['add mbti put 4 character mbti entj'],ENTJ
83,1649736628389433344,SHYDEURIN9,khrishğŸ’™,['hello abbey im new thats im looking moot befriend assist f'],ENTJ
84,177992094,tamtamssi,sunny seeing oppa soon!,['whole year enfj suddenly take test okay entj come around eyemoutheye come lama 2 hati gue membatu'],ENTJ
85,1433213613783666688,SungtaeOh,stohğŸ_Fusionara,['artist palette gabby reveal 1 raise ai become intj amp entjartist palette bringing brain brawn table savvy'],ENTJ
86,1486660944142897158,glorysoblessed,Glory è‘‰ ğŸµ,['deleting breakup song bc entj kept making fun sad miss dont ofc sad'],ENTJ
87,1486660944142897158,glorysoblessed,Glory è‘‰ ğŸµ,['entp entj relationship game pride challenge opposite cognitive function entp enfj relationship nodded'],ENTJ
88,1378114620070588418,mika0294651314,mika02,['wait entj reo agree'],ENTJ
89,1378114620070588418,mika0294651314,mika02,['nagi intp reo entj intp x entj somehow see themloudly cry facered heart'],ENTJ
90,1479431189698170884,MMHERO9,MMHERO,['artist palette gabby reveal 1 raise ai become intj amp entjartist palette bringing brain brawn table savvy'],ENTJ
91,1603546534842449922,DoseofDarwin,Darwinism,['word unmitigated disaster linda'],ENTJ
92,1537233044469338114,moranasmuse,wildcat,['add mbti put four character mbti black heart jeremy volkov landon king aaron warner'],ENTJ
93,1609608627614060549,acrouchauthor,Aaron Crouch,['grinning squinting facegrinning squinting facegrinning squinting face im entj logic always starting point'],ENTJ
94,116577408,Soul_Bearer,Mira ğŸ€ | Ardbert appreciator,['add mbti put 4 character mbti entj say something im'],ENTJ
95,1539415416375762946,T0JIDDIES,dua,['bingewatched queen charlotte cruise amp god wonder queen amp lady danbury entj woman'],ENTJ
96,1644939144353792000,Mos95106Moses,Katrina Moses,['myersbriggs personality mpgmultipersonality gifted personality intj entj duali'],ENTJ
97,1463366919780651016,ovmads,mads â¥,['add mbti put 4 character mbti entj interesting bunch fearful facenot picture'],ENTJ
98,1320918832156999682,cchaoticdemon,kaul lu,['add mbti put four character mbti entj walking red flag'],ENTJ
99,806245352307380224,hithisismira,mira. | SHINee comeback lockdown,['something infp entj always getting along well'],ENTJ
100,192404249,thedarkest_star,Carol Lee ğŸ¤ğŸ”²ğŸ–¤,['add mbti put 4 character type entj'],ENTJ
101,220091350,drustbeltcowboy,Postlapsarian Catamite,['entj j stand judgingunlike embrace accept fact judge many pur'],ENTJ
102,392568847,PaynMusic,PaynMusic ğŸŒŒ,['nah im much entj'],ENTJ
103,1182799364080709634,al_marziye,Marziya,['add mbti put 4 character type entj sparkle'],ENTJ
104,1564391549907177473,vampiresluvr,edenğŸˆâ€â¬›,['need female entj character black hair base whole personality around'],ENTJ
105,1307625437514862592,anndra_wilson,Anndra Wilson,['profile clearly state'],ENTJ
106,1475850634494726152,abolddaredevil,bislut ğŸ’ğŸŒŸ,['chaotic neutral entj bc kinda routine like flexible kinda routine tho'],ENTJ
107,1612297713139478529,atnfootstool,dana (succession spoilers!),['find extremely funny he entj include'],ENTJ
108,1052248286508343298,MandalayNight,Mandalay by Night,['indeed lot pit bull litany accident thank taken troubl'],ENTJ
109,1612297713139478529,atnfootstool,dana (succession spoilers!),['add mbti put 4 character mbti entj oh grimacing face'],ENTJ
110,878746256390180865,cuntresslee,edona mina girl,['im entp brandons entj ready'],ENTJ
111,1310032585326698496,ch4rlottespeaks,â‹ˆ lottieâ· ğŸ‡ SW score enthusiast,['might entj used intj amp enfjpresenting 11 im nothing like patrick bateman guy pls trust loudly cry facefolded hand medium skin tone'],ENTJ
112,1310032585326698496,ch4rlottespeaks,â‹ˆ lottieâ· ğŸ‡ SW score enthusiast,['add mbti amp put 4 character mbti entj guy wtf lineup anguished face im sure'],ENTJ
113,1555776320742871040,dotcom_comp,avery || shitposter and irl donnie darkoâ™¬,['louis also happens share personality type quentin characterized entj'],ENTJ
114,1555776320742871040,dotcom_comp,avery || shitposter and irl donnie darkoâ™¬,['beck characterized entj right general description typical trait behavioral'],ENTJ
115,1290125062176112641,spcwtchstdy,jen | studytechbr â˜­ğŸ’»ğŸ“–,['hayo im new 19 yo medstudent love immunology virgo virgo amp entj also like physic chem'],ENTJ
116,959870225545093125,LOAKETT,â€Eranna | GOTG3 Spoilers âœ¶,['add mbti put four character mbti entj'],ENTJ
117,1268484380718174209,rainmoonyy,Rain â­/fan acc,['add ur mbti qrt 4 character mbti entj loudly cry face hair color help'],ENTJ
118,1453699621243531274,bakphoo,ro ğŸŸ£,['tweeted without lookin skull title entj leader ok yes thats reo red heart'],ENTJ
119,1123737046076534785,kittymilkshakes,soph *.:ï½¡âœ¿*ï¾Ÿ,['havent done last time checked w entj'],ENTJ
120,1453699621243531274,bakphoo,ro ğŸŸ£,['wait entj reo agree'],ENTJ
121,1492934357924859905,SANAAlQahtani12,ğ’ğ€ğğ€ ğ€ğ¥ğğšğ¡ğ­ğšğ§ğ¢ | ğŸ“,['add ur mbti put 4 character type entj'],ENTJ
122,1486660944142897158,glorysoblessed,Glory è‘‰ ğŸµ,['also entj tagging everywhere comment something cool pleaseee entj asshle'],ENTJ
123,1486660944142897158,glorysoblessed,Glory è‘‰ ğŸµ,['entj know miss ex dont dont care anymore care bout goal cool'],ENTJ
124,1108788059380875265,N_Naumets_s,ğŸŒ˜ĞĞ°Ğ·Ğ°Ñ€ ĞĞ°ÑƒĞ¼ĞµÑ†ÑŒ ğŸŒ˜ğŸ/snakamoto.bnb,['artist palette gabby reveal 1 raise ai become intj amp entjartist palette bringing brain brawn table savvy'],ENTJ
125,982578860138029056,pandeseoul,yuuken ğŸ’¼ ia bc of ojt,['add ur mbti put 4 character mbti member entj gang'],ENTJ
126,1415692909060444161,eloquentpussy,ğ“†©â€ğ“†ª MARSTV DAY,['hell haan mera entj hae skullskullskull u guess accurately'],ENTJ
127,982578860138029056,pandeseoul,yuuken ğŸ’¼ ia bc of ojt,['entj assertive organized enjoy process discovering problem implementing better w'],ENTJ
128,3872870487,1life_love_it,Live life with Passion,['topical entjs mbti face tear joy'],ENTJ
129,967773287085412355,shawn_parrot,"Santo Santo Santo Santo,Santo es el seÃ±or",['entj behaviour'],ENTJ
130,1169334833371394049,ala43210,ala || ryusae era,['add ur mbti put 4 character mbti entj'],ENTJ
131,2207026016,loonaur,ğŸ¹ğŸª½ HYUNVES QUEENDOM,['intp entj whew'],ENTJ
132,1625099719709007873,karaeiken,hyoga defender,['youre entj thats even worse'],ENTJ
133,1124479975246028800,kimberove,kimber,['made aware he actually entj never said identical thats fraternal twin'],ENTJ
134,1396101937787977729,sha__omi,sha // Aasaâ€˜s hiori,['bro idk entp entj person suit levitating light skin toneperson suit levitating light skin toneperson suit levitating light skin toneperson suit levitating light skin toneperson suit levitating light skin toneperson suit levitating light skin toneperson suit levitating light skin toneperson suit levitating light skin tone yeah'],ENTJ
135,1167825335532105729,MaddenCapello,ğŸ”Madden CapelloğŸ” | Homunculus| En/Esp Vtuber,['add mbti put 4 character mbti im entj'],ENTJ
136,1496255769603366915,bymisty_,misty ğŸ“,['hayo im new 19 yo medstudent love immunology virgo virgo amp entj also like physic chem'],ENTJ
137,1253673304814088195,barababala,Bara,['entj estj grow wrinkle every second watching skzcode skztalker rolling floor laughing'],ENTJ
138,635324796,AlSamia0life,AlSamiaâ™,['take mbti perspective entj'],ENTJ
139,1398842905,elfluffo_,Gender Sentai Pronounger,['new drake sounding like he cry telling enbyshe got entj energyshe wont get rest met'],ENTJ
140,3306888346,seer5th,rushing down the path of evil!,['new drake sounding like he cry telling enbyshe got entj energyshe wont get rest met'],ENTJ
141,1275087944,ENTJ_w_j,í–…ì‚,['ultrasound'],ENTJ
142,1081367744904351744,pr0kage,Los Feratu,['new drake sounding like he cry telling enbyshe got entj energyshe wont get rest met'],ENTJ
143,1275087944,ENTJ_w_j,í–…ì‚,['qrt blue art blue heartblue heart'],ENTJ
144,1177389519546572800,Lordothekevinz,Cabussy(Catboy Pussy),['new drake sounding like he cry telling enbyshe got entj energyshe wont get rest met'],ENTJ
145,1539415416375762946,T0JIDDIES,dua,['theyre typed entjs personality database funny'],ENTJ
146,1040964891903844352,TterThe,Null ğŸ–¤,['intj 3rd rarest type infj 1st entj 2nd really special'],ENTJ
147,1630510839483736064,ayeowg,aria,['percy entp omg rolling floor laughing actually type based cognitive function taking test'],ENTJ
148,1602737015287578625,snfspo,sienna â¥,['damn wish entj arent yall like future ceo'],ENTJ
149,1567320029057921025,im_mrie,rie's studying ğŸ¦­ d-19 upcat,['wait think identify entj'],ENTJ
150,762201631307988992,soviethoneytrap,*â‹† ğŸ€ ĞµĞ²ĞµĞ»Ğ¸Ğ½Ğ° ğŸ€ â‹†*,['thats bad actually per socionics dual theory compatible two intuitive'],ENTJ
151,1253285245681496064,BlaxX_1110,ğŸš«,['mbti doodlessparkles'],ENTJ
152,1251899141921345537,jinssugababy,lexiâ· | nba ambassador,['yea entj like idk doesnt resonate anymore really lol'],ENTJ
153,1237086360378408960,namkootae,stephâ· | yoongi brain rot,['entj yeaaars like couple month ago got intj def feel introverted older get'],ENTJ
154,714702262153703424,dayanno96,Just Silva,['4 character type entj'],ENTJ
155,1596817714185633792,Hi__Hani,Umm-e-Hani,['im entj judge people upsidedown face'],ENTJ
156,1499110561816006658,DocWalties,You may call me Dee.,['asked myersbriggs going respond cant find tweet im entj'],ENTJ
157,1570389816176525315,LEVlCORE,tiâ˜ï¸,['omg fr thats cooll give entj vibe'],ENTJ
158,1391617884,beraknagaaa,Berak.naga,['n also 16personalities website im entj'],ENTJ
159,1391617884,beraknagaaa,Berak.naga,['bondee personality im entj'],ENTJ
160,971207903645335553,WaveeRuner,Yey,['add mbti put 4 character type entj new moon face'],ENTJ
161,1484985481297338373,btwitsmir,Mir,['add mbti put 4 character type entj'],ENTJ
162,1373780651703406593,AbrakkumV,Abrakkum,['add ur mbti put 4 character type entj'],ENTJ
163,793854907694612480,AntonioBVides,tonio ğŸ¦,['add mbti four character type entj purple heartnecktie'],ENTJ
164,1574704818697953281,alehzbloo,Ale,['hayo im new 19 yo medstudent love immunology virgo virgo amp entj also like physic chem'],ENTJ
165,126071515,DeborahENTJ,Deborah ğŸ’”,['borderline luddite love entj would make nut'],ENTJ
166,1416790910436663298,kqteharker,zara,['well entp tbh rmb twice got entj im like mane mustve'],ENTJ
167,1416790910436663298,kqteharker,zara,['oh god getting entpentj always like endless circle hell skull'],ENTJ
168,1553526277633904640,shibainuweb3,nori,['artist palette gabby reveal 1 raise ai become intj amp entjartist palette bringing brain brawn table savvy'],ENTJ
169,19078099,typud,á¡¶êª—á©êªŠá¦”,['successively always get entj really like'],ENTJ
170,276555350,dalydes,mind that magnifies the smallest matter,['entj opportunist instead taking test youll give ted talk explaining test bullshit'],ENTJ
171,1327799440124432385,kkyudobbi,ì¨ì¨.,['doyoung amp jihoons reply weverse bust silhouette lately entjs comedy style bit similar isnt ã…‹ã…‹ jihoons joke sim'],ENTJ
172,2449645020,_darinii,darini,['doyoung amp jihoons reply weverse bust silhouette lately entjs comedy style bit similar isnt ã…‹ã…‹ jihoons joke sim'],ENTJ
173,1498707518142435329,9SNKAMI,KÎ›MI,['add mbti put 4 character type entj'],ENTJ
174,22107517,jayohday,Janelle Oâ€™Dea,['entj opportunist instead taking test youll give ted talk explaining test bullshit'],ENTJ
175,30109507,mcsweeneys,Timothy McSweeney,['entj opportunist instead taking test youll give ted talk explaining test bullshit'],ENTJ
176,1441489853221249031,enhihi7,ë² ì•¼,['dear lord get heaven pls let bring medal left speech bubble still love im longer smart blue book'],ENTJ
177,1262518258130989057,starrynini_,renağŸ”…,['add mbti four character type entj'],ENTJ
178,1161365451848474624,SoSyncd,So Syncd,['intj entj istjs estj vibe follow see blue heart download connect match'],ENTJ
179,1403289952331264000,thvstrwbiy,ğ“â„¯ğ“ â· || ğŸŒ‘ buyers qt ğŸ¥º,['dear lord get heaven pls let bring medal left speech bubble still love im longer smart blue book'],ENTJ
180,1403036068430106633,lessoscane,ğŠğšğ³ // ğ‚ğ¡ğšğ« & ğ€ğ§ğ ğ¢ğ ğ¬ğ­ğğ© ğ¨ğ§ ğ¦ğ,['charlize entj automatically mean solo ass'],ENTJ
181,1268178271822204929,sierrapnx,shyx â™‘,['dear lord get heaven pls let bring medal left speech bubble still love im longer smart blue book'],ENTJ
182,1009798398,That_Heda_Life,Teea,['also known commander haha 2 u entj female gotta stick together'],ENTJ
183,1391207840707010567,creamkyuu,gela,['dear lord get heaven pls let bring medal left speech bubble still love im longer smart blue book'],ENTJ
184,1071990951709564928,Snowydobby,snowÂ°,['dear lord get heaven pls let bring medal left speech bubble still love im longer smart blue book'],ENTJ
185,1487790035336269826,trsmyhome,rhea,['dear lord get heaven pls let bring medal left speech bubble still love im longer smart blue book'],ENTJ
186,1441655998087766018,bearywoo,Ù‹ica,['dear lord get heaven pls let bring medal left speech bubble still love im longer smart blue book'],ENTJ
187,1463476559101243398,imnotteume,Ù‹lilac,['dear lord get heaven pls let bring medal left speech bubble still love im longer smart'],ENTJ
188,1392073366790623236,Stanisl86863011,Stanislav Andreev,['artist palette gabby reveal 1 raise ai become intj amp entjartist palette bringing brain brawn table savvy'],ENTJ
189,1448964910759567363,lovesphoon,shuby à­¨à­§Ëš ğŸ’,['3 hello im elle would like moot ï¾Ÿ ï¾Ÿ 99 liner entj came back'],ENTJ
190,3041952565,Da_Flersh,Joram,['almost opposite lol im entj'],ENTJ
191,1212258673428353024,frcica1979,"frcica_ãƒ•ãƒ©ã‚·ã‚«@NFT TwitFi phaver .lens(ğŸŒ¸, ğŸŒ¿)",['artist palette gabby reveal 1 raise ai become intj amp entjartist palette bringing brain brawn table savvy'],ENTJ
192,1591473620043419648,NetaBatman,â„•ğ•–ğ•¥ğ•’ | Save Inside Job,['add mbti put 4 character type entj'],ENTJ
193,2290608798,SurendraJadon2,"Surendra Jadon(ğŸ’™,ğŸ§¡) ğŸŒŠğŸ“˜",['artist palette gabby reveal 1 raise ai become intj amp entjartist palette bringing brain brawn table savvy'],ENTJ
194,1567320029057921025,im_mrie,rie's studying ğŸ¦­ d-19 upcat,['another website say entj'],ENTJ
195,1302077280383098880,Sarahselim9795,ğ‘ ğ‘ğ‘Ÿğ‘â„â˜…ğŸ’‹,['entp im entj'],ENTJ
196,1040038874007797760,PEpigone,Mikon,['hence believe miss entj though im willing surprised enfj'],ENTJ
197,1461673291593170950,HaboMulaney,MisskeyğŸ’•ğŸ”‘ğŸ‡¸ğŸ‡´,['entj men much wit intellect cannot matched'],ENTJ
198,885107669496774657,pinkj4zz,ariel âœ°,['yes definitely amp entj'],ENTJ
199,1338202222685900801,Daerin18,YGStan-ì§€í›ˆ ëˆ„ë‚˜ PCDonline,['doyoung amp jihoons reply weverse bust silhouette lately entjs comedy style bit similar isnt ã…‹ã…‹ jihoons joke sim'],ENTJ
200,828819906,PanyeraClang,Clang,['result entj smiling faceloudly cry face'],ENTJ
201,1315182009677869056,ppuda_ENTJ,ğŸ’ë¿Œë‹¤â›¸ï¸,['hannah ye prince rd 2 song purple rain album full moon facefull moon facefull moon face'],ENTJ
202,885107669496774657,pinkj4zz,ariel âœ°,['looking weakness entj fed different kind selfawareness holy shit'],ENTJ
203,1317680388882354176,stardustanalyst,StardustNobody,['im weird im naturally intj make entj need'],ENTJ
204,1521074824851959811,sourlittlesong,ğŸŒŒ,['couldve sworn entj'],ENTJ
205,1443198606501154816,w4termelonsushi,Ã†É´É¢á´‡ÊŸÉªÉ´á´€ â™± ÉªÉ´ á´›Êœá´‡ á´…á´‡á´€á´›Êœ á´Ò“ Êœá´‡Ê€ Ê€á´‡á´˜á´œá´›á´€á´›Éªá´É´,['fact used intj im entj growth scared kid bitchy thought actually bitch pinched finger'],ENTJ
206,905058373904642048,fstvrgirl,39,['hold went intj entj month due college'],ENTJ
207,1492233739723751429,shijo_xie,Yeo â™¡ IFB!,['doo 2lipstick hi yall im arinmerine im new im looking interactive moot 25o1o5'],ENTJ
208,982301848827654144,fandalita48,Româˆ€nceEnjoyer48 ğŸ•,['add ur mbti put 4 character type entj'],ENTJ
209,1486660944142897158,glorysoblessed,Glory è‘‰ ğŸµ,['entj know kid place know soon grandma dare call kid ent'],ENTJ
210,1466260479752359938,jonghomallow,sushi,['looking interactive moot atiny insomnia deobi elring engene moa p1ecemore'],ENTJ
211,1315741376642834433,I_Am_GKennedy,Gregory Kennedy,['entj painful'],ENTJ
212,1485696751055081473,SssChanh,chanh á¶» ğ—“ ğ° stream nolza,['looking interactive moot atiny insomnia deobi elring engene moa p'],ENTJ
213,1486660944142897158,glorysoblessed,Glory è‘‰ ğŸµ,['entj nah scary ofc lied heard mentor entj nah trust lied ofc'],ENTJ
214,1486660944142897158,glorysoblessed,Glory è‘‰ ğŸµ,['entj done lot mentor guy doesnt gimme progress know saw fire inside'],ENTJ
215,271676493,IsobelCarr,Isobel Carr,['im entjthe commander supposedly rarest type extra rare among woman tha'],ENTJ
216,1631358181803806720,broccoriiino,haruto's bodyguard ğŸ¥ğŸŒ±,['isfj entj interaction skull'],ENTJ
217,1315741376642834433,I_Am_GKennedy,Gregory Kennedy,['entj surprise'],ENTJ
218,1363515153292132355,_yasehime,âœ ğ¡ğ¢ğ¦ğğ¤ğ¨ âœ ğŸ’‰ğŸ¥,['yes need female entj friendslight skin tone'],ENTJ
219,1190712365911887876,Asia29674459,Asia BellağŸ’š,['yepi tried test cause couldnt believe butis pretty correct im fully entj lol'],ENTJ
220,1616913117606445057,fuckZB1,Ù‹ kimmie,['taerae fucking entj fuck'],ENTJ
221,1303245706170433536,dabi_fuck,FlameDaddyDabi - Hanahaki Event,['entj got one memorized lol there lol ash ketchum nejire hadou naruto rapunzel'],ENTJ
222,1303245706170433536,dabi_fuck,FlameDaddyDabi - Hanahaki Event,['entj got one memorized lol there lol ash ketchum nejire hadou naruto ra'],ENTJ
223,1278388283647553538,Xnebriele,Novi.Suiswap ğŸ”†,['artist palette gabby reveal 1 raise ai become intj amp entjartist palette bringing brain brawn table savvy'],ENTJ
224,1320017388306386944,sunghanbni,ayarose âœ¿,['im gonna craft new personality im spin wheel entj'],ENTJ
225,1652819541662072832,intpisss,mint â˜†ï½€,['hiii wanna b mutualss also ur first entj met twt im kinda afraid guy sorryfearful face'],ENTJ
226,1633863350651068417,wylanloml,cheese,['doesnt work like lin im entj'],ENTJ
227,3077877784,n0l100,n0,['thing worse entj another type obsessed wanting entj'],ENTJ
228,1143380141499801601,solana_811,ğ•’ğ•¡ğ• ğ•ğ•ğ• â€™ğ•¤ ğ••ğ•’ğ•¦ğ•˜ğ•™ğ•¥ğ•–ğ•£ ğŸŒ,['ill go first day chart since sun 8h meyer briggs entj commander'],ENTJ
229,1562679217556692993,mviestars,kou,['people r saying entj'],ENTJ
230,1480561671915466752,MTeuji,ì‹œíƒ€_TeuPJH âœ¦,['doyoung amp jihoons reply weverse bust silhouette lately entjs comedy style bit similar isnt ã…‹ã…‹ jihoons joke sim'],ENTJ
231,1262998333913575427,kdyflrts,lianne,['doyoung amp jihoons reply weverse bust silhouette lately entjs comedy style bit similar isnt ã…‹ã…‹ jihoons joke sim'],ENTJ
232,944497700854046720,Kimochu69,"áƒê«€á¥’ | OmeletteSwap | Earn, Ally | FlowX",['artist palette gabby reveal 1 raise ai become intj amp entjartist palette bringing brain brawn table savvy'],ENTJ
233,21389328,HansLak,Hans Lak #Mission2030 ğŸŒ ğŸ‘ğŸš²,['dont judge much wish could stop judging everyone thinking face heart suit video'],ENTJ
234,1333693912410537984,misuka98407267,misuka,['entj endless nest intj web truth entp star forest intp hollow space'],ENTJ
235,1656318683353079808,bluwrfaa,"urfa, fb yaa",['hi im ni new studytwt im looking moot lt3 last year jhs love music book sher en'],ENTJ
236,919614044725592065,mamangkwaci,ğŸŒ»,['doyoung amp jihoons reply weverse bust silhouette lately entjs comedy style bit similar isnt ã…‹ã…‹ jihoons joke sim'],ENTJ
237,1278006739355353088,burgersukkk,12 ğŸ©µ,['doyoung amp jihoons reply weverse bust silhouette lately entjs comedy style bit similar isnt ã…‹ã…‹ jihoons joke sim'],ENTJ
238,1625099719709007873,karaeiken,hyoga defender,['entj man hate society kin joker joker movie'],ENTJ
239,1280690486647250944,TreasureForeve4,Treasure Forever,['doyoung amp jihoons reply weverse bust silhouette lately entjs comedy style bit similar isnt ã…‹ã…‹ jihoons joke sim'],ENTJ
240,999483637681733637,LAZZ1008,LAZZ,['mbti doodlessparkles'],ENTJ
241,869112129403498496,noblueberri,meiko ğŸ’§ | ğŸ“š,['doyoung amp jihoons reply weverse bust silhouette lately entjs comedy style bit similar isnt ã…‹ã…‹ jihoons joke sim'],ENTJ
242,1099182286182875136,bestboyjae,12chill,['doyoung amp jihoons reply weverse bust silhouette lately entjs comedy style bit similar isnt ã…‹ã…‹ jihoons joke'],ENTJ
243,1649852227757166592,RlCKYNATION,indi(go) ğŸ“,['hyun suk í˜„ì„ south korean singer dancer actor c9 entertainment maknae'],ENTJ
244,1653735426719612928,qnio_o,loui,['hii im rae im looking moot im kinda new eng 2nd language indo 1st minor'],ENTJ
245,1486660944142897158,glorysoblessed,Glory è‘‰ ğŸµ,['enfj want watch coldplay concert calling entj want watch coldplay concert ill come'],ENTJ
246,1486660944142897158,glorysoblessed,Glory è‘‰ ğŸµ,['entj ok fine bad personality worth anything whats want tell'],ENTJ
247,1486660944142897158,glorysoblessed,Glory è‘‰ ğŸµ,['entj see like devil advocate playing word well man nice try yo'],ENTJ
248,1486660944142897158,glorysoblessed,Glory è‘‰ ğŸµ,['know think accepted everything mean mastered art grateful people'],ENTJ
249,1423454154635177984,soulylhz,y,['submitted anon'],ENTJ
250,1423441912065781761,cakescho,put ğŸ§,['hello im looking new study buddy call ayaa 7th grade entj girl like kpop anime co'],ENTJ
251,238216202,lad7whisper,à§¸ğ˜¢ğ˜¸ğ˜¢ğ˜ªğ˜ªğŸ¦‹ğ“‚€â€¢Jessy ğŸªğŸœ (-9),['plot twist always entj lately whenever take test get enfj dont problem'],ENTJ
252,1438326492434296836,klirphy,KianğŸª§ğŸ§¬ | GMğŸ¤‘,['artist palette gabby reveal 1 raise ai become intj amp entjartist palette bringing brain brawn table savvy'],ENTJ
253,1628290148768284672,cafeaumlk,shine,['went entp entj loudly cry face'],ENTJ
254,1472495406416375809,Moodz_wings,ğŸ«§changsub is my spirit animal,['saddest part almost bias entp entj estps'],ENTJ
255,1472495406416375809,Moodz_wings,ğŸ«§changsub is my spirit animal,['nothing cute entj go back entp youll still annoying least diablo incarnated upsidedown face'],ENTJ
256,1459200767080943623,_tanibobani_,tani (28 days until birthday),['add ur mbti put 4 character mbti im entj'],ENTJ
257,1643052852430946309,yueoru,noa,['omg nice meet another entj'],ENTJ
258,1646158045141925892,hcneycupid,Honey áƒ¦,['hi forgot make tweet like im noa 18 hehim anything work play hsr eu gi'],ENTJ
259,1426740084305321991,TPhm45524437,TÃº Pháº¡mğŸ,['artist palette gabby reveal 1 raise ai become intj amp entjartist palette bringing brain brawn table savvy'],ENTJ
260,18313834,StineWhitlock,Cryptstine Witchlock,['ive gotten depending day intp intj entp entj sound varying degree like'],ENTJ
261,1647837303019294720,kelingkingL,keyy ğŸ‘»,['hello im looking new study buddy call ayaa 7th grade entj girl like kpop anime co'],ENTJ
262,1466260479752359938,jonghomallow,sushi,['day 1 hi im meave looking interactive moot sheher entj new ults blackpink aesp'],ENTJ
263,948231937,neigeblanca,ğ˜•ğ™€ğ™ğ˜š ğŸ‡ªğŸ‡ºğŸ‡«ğŸ‡·,['wanna entj loudly cry faceloudly cry faceloudly cry face'],ENTJ
264,1486660944142897158,glorysoblessed,Glory è‘‰ ğŸµ,['entj mean twist story maybe story like something terribly immoral'],ENTJ
265,1486660944142897158,glorysoblessed,Glory è‘‰ ğŸµ,['meanwhile watching people slander entj church brother laughing loud saying know karma real en'],ENTJ
266,1567591960780718081,Flooptii,luck (blade? edition),['hi forgot make tweet like im noa 18 hehim anything work play hsr eu gi'],ENTJ
267,1486660944142897158,glorysoblessed,Glory è‘‰ ğŸµ,['entj sleep guy dont insane youth leader guy tell world'],ENTJ
268,1496841937248296962,luverrina,dafne â˜…,['day 1 hi im meave looking interactive moot sheher entj new ults blackpink aesp'],ENTJ
269,1075702077421182979,lalalisaeri,Ã¦ meave,['day 1 hi im meave looking interactive moot sheher entj new ults blackpin'],ENTJ
270,1037762022304374784,RoronoaBC,ğğ¢ğšğ§ğœğš- Zoro supremacy ğŸ›,['q homem smiling face hearteyessmiling face hearteyes'],ENTJ
271,1508800205046652928,crypto_sinha,CryptoğŸ”¶Sinha,['artist palette gabby reveal 1 raise ai become intj amp entjartist palette bringing brain brawn table savvy'],ENTJ
272,1315182009677869056,ppuda_ENTJ,ğŸ’ë¿Œë‹¤â›¸ï¸,['new choreographic element choreographic hydroblading movement'],ENTJ
273,980077880746151936,vlfeshit,nega-adrianğŸ˜ˆ (hereforleast) | NIX ğŸ¦†,['im fentj coded'],ENTJ
274,1622232267081793541,Mel_teez,mel OUTLAW ğŸŒ¶ï¸ğŸ´â€â˜ ï¸ 6.16 ATEEZ CB,['2 pan rainbow 12 kpoprelated moment change even im little lost im different yesterday 22 entj'],ENTJ
275,1630087143807913985,wodazzler,ZzzilovevalzzZ,['time feel like dont fit entj ideology thats mbti think similar per'],ENTJ
276,1647956411115028481,endvredd,tara shtwt | 988twt,['still cant wrap head around fact mbti yes test 16personalities'],ENTJ
277,1482587663639412738,dolphinciii,"phin â™ª | sobs to sleep ,, GOODNITE BB NOOT NOOTS !",['hey really new looking active moot kuro hehim 04 play genshin'],ENTJ
278,1284576479876186112,damiworld__,Jeongwoo's gf su Yoshi dayğŸ’­,['kim doyoung give humble rich kid vibe tbh ever since saw feel mature clever exists'],ENTJ
279,1655951968626700288,yumiyayaaa,yumi â˜…,['doo 2lipstick hi yall im arinmerine im new im looking interactive moot 25o1o5'],ENTJ
280,1649621654333722624,pjaxyy,Ù‹,['doo 2lipstick hi yall im arinmerine im new im looking interactive moot 25o1o5'],ENTJ
281,1860981978,arayary1,aray ary,['artist palette gabby reveal 1 raise ai become intj amp entjartist palette bringing brain brawn table savvy'],ENTJ
282,1265814162082426881,Cryptotrojan1,Cryptotrojan.bnb | awungshi.stark | âšªâš«ğŸ,['artist palette gabby reveal 1 raise ai become intj amp entjartist palette bringing brain brawn table savvy'],ENTJ
283,1604910403896705028,85_0q,â€¹ğŸ¹,['doo 2lipstick hi yall im arinmerine im new im looking interactive moot 25o1o5'],ENTJ
284,1499980387401240583,chaecites,Ù‹,['doo 2lipstick hi yall im arinmerine im new im looking interactive moot 25o1o5'],ENTJ
285,1553958057981497344,Evgenjjcrypto,"(ğŸŒ¸, ğŸŒ¿)Evgenjj.lens(ğŸ’™,ğŸ§¡)ğŸğŸ›¸ğŸŒŠğŸ“˜",['artist palette gabby reveal 1 raise ai become intj amp entjartist palette bringing brain brawn table savvy'],ENTJ
286,1482443418593030146,raisedbykanej,parker,['entj intj well built se work nite making seem like entj'],ENTJ
287,778823865510137856,shitamatsugeani,Fellatio the god of sex,['chart atrocious im ctfu reo entj nagi spinoff would literally 50 shade gray'],ENTJ
288,1587468656044576768,ninisloved,ğ˜•ğ˜ªğ˜¯ğ˜ªğ˜£ğ˜¦ğ˜­ğ˜­ğ˜¦,['used entj'],ENTJ
289,1557803465065336837,jichumylove_,Pilu,['doo 2lipstick hi yall im arinmerine im new im looking interactive moot 25o1o5'],ENTJ
290,1644644631395573767,sourgrapzzz,barbie,['doo 2lipstick hi yall im arinmerine im new im looking interactive moot 25o1o5'],ENTJ
291,1275087944,ENTJ_w_j,í–…ì‚,['loudspeaker new minicontest rainbowartist palette theme isometric room couch lamp'],ENTJ
292,1622885474145812480,yeojinslvr,evie is UNFORGIVEN â˜…,['doo 2lipstick hi yall im arinmerine im new im looking interactive moot 25o1o5'],ENTJ
293,1653998893183688707,chishjya,ivvi/aya !! ãƒğŸ«§âº .,['doo 2lipstick hi yall im arinmerine im new im looking interactive moot 25o1o5'],ENTJ
294,1339416781622890498,222kvc,kaiaâ‹†,['doo 2lipstick hi yall im arinmerine im new im looking interactive moot 25o1o5'],ENTJ
295,1172924217605509120,HMSH_O_O_,âœ¦Mieâœ¦,['kim doyoung give humble rich kid vibe tbh ever since saw feel mature clever exi'],ENTJ
296,1387776296466407427,Jocelynaomi,GEBRAKAN BARU MAKOITSU,['qrt tweet ur fave anime character share mbti entj'],ENTJ
297,2707105273,dra_entj,Being_who_Iam,['folou folou follow follow'],ENTJ
298,1626859722677825537,spdeirnime,tha â™«,['hello im looking new study buddy call ayaa 7th grade entj girl like kpop anime co'],ENTJ
299,1440806576697143297,c_h_e_n_g_m_ei,Kyang Kardashian Can Make Her Own Content,['actually think mbti vibe fluctuate according mood lol working toxic entj youll ever see sad'],ENTJ
300,1436948281137852423,ThuleanAnunnaki,YamnaYagami æœˆ,['intj 200 iq infj entj intp frog join cleanse cosmos'],ENTJ
301,269012335,huydinhh,âœ¶,['retook personality test 5 year went enfj entj interesting thinking face'],ENTJ
302,1643052852430946309,yueoru,noa,['hi forgot make tweet like im noa 18 hehim anything work play hsr e'],ENTJ
303,1431466979433619456,vaultsummit,cringe âš¢ ğŸ’œ,['every entj fictional character know full themself'],ENTJ
304,1591275589117386753,zerogrbvity,HITS DIFFERENT x NEW ROMANTICS 6/3ğŸ«§,['ive studied type depth si sensing ni intuitive make sense estj v entj'],ENTJ
305,1476230479053574154,ezn_eve,Evelyn,['heya new looking new mooties sheher korean entj'],ENTJ
306,1561620096702976001,RangersTroy,Max Verstappen..... loading..... GOAT,['verstappen clearly entj us te ti quite vocal especially interview'],ENTJ
307,1429175771172646914,yetogami,nÃ¸nya,['typology moot need opinion friend think intj something doesnt add u'],ENTJ
308,1585270588121133056,mkgreyo,eve,['entj fella ya'],ENTJ
309,287308407,MacdNFT,MACnNFT,['morning entj great daythumbs'],ENTJ
310,1303010045030932482,kozuzuna,sana ğŸ’¤,['expect exxp would send entj sent one'],ENTJ
311,1168149010886135808,Anndette98,ğ“ğ“·ğ“· ğŸŒ¸ // ğ“¼ğ“ªğ“­ ğ“ªğ“·ğ“­ ğ“½ğ“²ğ“»ğ“®ğ“­,['people typing charactersoh he business must entj he art he isfp'],ENTJ
312,262795624,PersonalityHack,Personality Hacker,['new podcast entj career 4 work style personality type episode joel antonia explore'],ENTJ
313,194040304,meikakuko,Meikakuko (New Art on Pinned ğŸ“Œ),['found comment pdb entj istp discussing chara mbti entj shes strategic'],ENTJ
314,1591473620043419648,NetaBatman,â„•ğ•–ğ•¥ğ•’ | Save Inside Job,['entj people saying theyre xxx ta make heart break'],ENTJ
315,1517990825455927296,minghwaa,ğŸğ¢ğ¨ğ§ğš !â˜†,['im entj bias seeun'],ENTJ
316,1486685361052946437,GODDESSiMPACT,â€â€ â€ â€â€ â€ â€â€ â€â€MiKO'S â€â€ â€KAFKA. â€â€ â€â€¹3 â€â€ â€,['caring btw exactly feeling placement there lack emotion doe'],ENTJ
317,1315182009677869056,ppuda_ENTJ,ğŸ’ë¿Œë‹¤â›¸ï¸,['dont worry baby youre still tiny czech slayer'],ENTJ
318,20411722,ItsMe_CHD,C.H.D. â˜¦ï¸,['entj strong inclination sometimes shift intj tends depend'],ENTJ
319,946051116529205248,hdyeonhua,ê½ƒ - hoa dáº¡ng niÃªn hoa,['monsta x member mbti bear isfj dog face entj hamster esfp turtle infp honeybee enfp cat face infpisfp sure one accurate f'],ENTJ
320,1144345774420971521,Naddy0314,jyjh,['entj plan everything precisely strategically impromptu decision even situation'],ENTJ
321,901088684476334080,kitttywook,camilÃº ğŸ–¤ #,['one hard mbti wise taerae bc he entj im intj saw show id say jiwoo'],ENTJ
322,1640617399266447360,hallunii,ğŸ¤¾â€â™€ï¸,['entji think'],ENTJ
323,1526206916648894464,Albeybeh,ì•Œë² ,['word spoken mirroring sitting position huhu brotherhood really strong ind'],ENTJ
324,1069134756,KrammitIII,Krammit,['fellow entj check kounotori token think youd appreciate trying'],ENTJ
325,943352988,akhtarulwase,wase1192.bnb,['artist palette gabby reveal 1 raise ai become intj amp entjartist palette bringing brain brawn table savvy'],ENTJ
326,1647618538440388608,jiwoongliker,MILO ğŸ—¯ï¸,['literally stole idea jj anyway intj infj entp entj hellooo'],ENTJ
327,1649749472304566274,blessedisles,dani ğŸ’Œ,['havent tested mine feel like itll either entjintjenfjinfj loudly cry face rlly need'],ENTJ
328,1109820313032933377,basedpika,izu â˜… | edtwt,['super new edtwt twt overall loudly cry face drop blood shethey 08 cw 435kgs cgw 40kgs viet bi entj luv horror movie twd'],ENTJ
329,1589136009169719297,speedupwonder,Dr.Mischeyelle cashapp:: $DrMischeyellePayton,['shut dr mischeyelle closing door burning bridge 1 close door window buil'],ENTJ
330,1589136009169719297,speedupwonder,Dr.Mischeyelle cashapp:: $DrMischeyellePayton,['shut dr mischeyelle closing door burning bridge 1 close door window'],ENTJ
331,1302873421252980736,PingkanBelight,(âËƒá†ºË‚) ë„ì˜ â€‘Â¹Â²,['baby bunny dobby promised baby wolf jeongwoos cover rosedo oppa also entj duo treasure'],ENTJ
332,1609819826201169922,fshwun,queen,['hello im looking new study buddy call ayaa 7th grade entj girl like kpop anime co'],ENTJ
333,1252893456529158145,April_Kwon88,AprilğŸŒ¼,['entj baby much fun watching dull awkward moment would catch others'],ENTJ
334,1654895542797836292,consigleonard,ğ‹ğğ¨ğ§ğšğ«ğ.,['name leonard castellazzo age 38 yearsold sign lion mbti entj colour black movie fight club animal cat food pasta drink wine'],ENTJ
335,1589136009169719297,speedupwonder,Dr.Mischeyelle cashapp:: $DrMischeyellePayton,['homeless mean mental hospital homeless mean faking mental illness get service go'],ENTJ
336,1589136009169719297,speedupwonder,Dr.Mischeyelle cashapp:: $DrMischeyellePayton,['homeless mean mental hospital homeless mean faking mental illness get service go ag'],ENTJ
337,1589136009169719297,speedupwonder,Dr.Mischeyelle cashapp:: $DrMischeyellePayton,['uber guy propositioned make decision make choice female fe entj apr 12 2019 entj dont like ext'],ENTJ
338,1589136009169719297,speedupwonder,Dr.Mischeyelle cashapp:: $DrMischeyellePayton,['uber guy propositioned make decision make choice female fe entj apr 12 2019 entj dont lik'],ENTJ
339,1630787530726555655,theriforbbb,Theri | ZEROSE YALL,['taerae mbti im intj taerae entj talk vibe jiwoong looking cool actually fun'],ENTJ
340,1390720522862931977,thatsantoryuboy,ade | cw: JGKRKğŸŒº,['feel like entj guren vote anime onlys even anime surprised'],ENTJ
341,1475642312000692224,Rya_28_,â˜¾ Rya â˜… ğŸ§¸,['entj im felix biased'],ENTJ
342,980077880746151936,vlfeshit,nega-adrianğŸ˜ˆ (hereforleast) | NIX ğŸ¦†,['youre enfp man entj whichever gender already considered running'],ENTJ
343,839893435,dongchanyoung,SallğŸ¨ğŸ¦”ğŸ°ğŸ¶ğŸº,['treasure ttalk rabbit facexdog face doyoung x jihoon entj friend men holding hand mediumlight skin tone'],ENTJ
344,1487240775830482946,dobbipills,ë„ë¹„ â˜» â€¢ slow,['treasure ttalk rabbit facexdog face doyoung x jihoon entj friend men holding hand mediumlight skin tone'],ENTJ
345,726326236083941376,bibibibibittt,ğŸ™âœ¨,['expected entj duo conversation flow easily known almost'],ENTJ
346,1407645261455839235,rebeIrevenge,lesbian yaoi,['type 8 entj either sp sx actually reservation entj im thinking'],ENTJ
347,897069497877647360,arubabylion,ì´ìŠ¹í›ˆì €ìŠ¹í›ˆ ëŒ€ë°•ë‚˜ì! ë„ë¹„í†µí†µ ì–!â‹†ï½¡Â°âœ¦,['entj boy hugging face'],ENTJ
348,1335574909280391172,jihoonsjawline,leen âœ¦ ğŸ¶ğŸ©µ,['expected entj duo conversation flow easily known almost'],ENTJ
349,3233762713,LyaaaaLee,ë¯• ğŸ¾,['expected entj duo conversation flow easily known'],ENTJ
350,1621514286249148416,SEVCHILLG0,JAY is having pcd,['entj confirm thats really atmosphere get put two entjs room tgt'],ENTJ
351,1307020110410870784,pilatesjiun,litaaa,['treasure ttalk rabbit facexdog face doyoung x jihoon entj friend men holding hand mediumlight skin tone'],ENTJ
352,748013244485341185,LVZHlS,haera saw exo-sc!!! ğŸŒ±ğŸ°ğŸ©µâ€§â‚ŠËš yoshi day!!,['entjì¦ˆ precious loudly cry faceloudly cry faceloudly cry faceloudly cry faceloudly cry face'],ENTJ
353,1298506196396064768,kimdoyoung_ina,ğŠğ¢ğ¦ ğƒğ¨ğ²ğ¨ğ®ğ§ğ  ğˆğ§ğğ¨ğ§ğğ¬ğ¢ğš ğŸ‡®ğŸ‡©,['treasure ttalk rabbit facexdog face doyoung x jihoon entj friend men holding hand mediumlight skin tone'],ENTJ
354,1144345774420971521,Naddy0314,jyjh,['entj buddy face tear joycherry blossom'],ENTJ
355,2954301752,fghyds_,hyds,['youÊ¼re dohoonly one treasure mediumlight skin tone entj baby'],ENTJ
356,1599383776647340032,CatDuckDuo,Katz and Le Quack,['work chemistry calculator different mbti type different compatibility'],ENTJ
357,1347635529265803264,Shubham64356137,owner | ownerbtc.bnb ğŸ›¸,['artist palette gabby reveal 1 raise ai become intj amp entjartist palette bringing brain brawn table savvy'],ENTJ
358,1390720522862931977,thatsantoryuboy,ade | cw: JGKRKğŸŒº,['feel like kureto switch kureto entj guren intj'],ENTJ
359,1004695724272095232,earthssorcerer,isabel,['also isnt one intj show athena entj make sure everyone best behaviour seems right'],ENTJ
360,1281475626566930434,io_dsy,emmaâ˜†,['think riik moot entj like'],ENTJ
361,1602313601003491329,2angmin,ğŸ¨,['ive searching high low good entj character cannot find single one wolju'],ENTJ
362,1602313601003491329,2angmin,ğŸ¨,['fuck sake director yong inspector koo taerae also mbti oh horrible good entj character'],ENTJ
363,1539415416375762946,T0JIDDIES,dua,['entjs make sense'],ENTJ
364,588954649,Rahul_kumarr_,YourSenpai.bit,['artist palette gabby reveal 1 raise ai become intj amp entjartist palette bringing brain brawn table savvy'],ENTJ
365,448076415,amusedhalfling,marthâ™¡,['entp entj bff knowing feisty could finding two fav bp boy tae'],ENTJ
366,1449372552405524491,pkscsk,Simple Boy,['artist palette gabby reveal 1 raise ai become intj amp entjartist palette bringing brain brawn table savvy'],ENTJ
367,1470684512921141251,yippuichu,plant.bnb,['artist palette gabby reveal 1 raise ai become intj amp entjartist palette bringing brain brawn table savvy'],ENTJ
368,1434658466531102720,Abrarre,Abrar Alghamdi,['entj personality type baby sister discovering mbti everything make sense'],ENTJ
369,1485755499060604934,silverlight373,Silverlight373ğŸ,['artist palette gabby reveal 1 raise ai become intj amp entjartist palette bringing brain brawn table savvy'],ENTJ
370,1489890044798251012,winxcix,CIX CB!!!! â˜»,['europe vlog said entp enfp entp recently posted entj'],ENTJ
371,270173604,choco_aii,ğ‚ğ¡ğ¨ğœğ¨,['chemistory type idol ambitious allrounders running towards goal'],ENTJ
372,1541094986321641472,Primadoxxna,â· lesbian president vixâ·,['19 lesbian entj enneagram 3 385liescoeietnsxs'],ENTJ
373,4184926641,asemtipovedal,julia ğŸƒ | LOVE FOR JOKER OUT | 39,['already covered jo somewhere anyways bojan esfp kris entj jan isfp jure enfp nace infj brunette enfj sudde'],ENTJ
374,1539415416375762946,T0JIDDIES,dua,['call entj impact'],ENTJ
375,1418629597667553280,daydreaMIN1113,êœ±Êœá´‡Ê€ ë°ì´ë“œë¦¬ë¯¼ğŸ©µ,['mbti test changed entj lmao'],ENTJ
376,1543222087803961344,AlexHan1234,Alex Han | Suiswap | SuiFrens AI I YouSUI,['artist palette gabby reveal 1 raise ai become intj amp entjartist palette bringing brain brawn table savvy'],ENTJ
377,839671202314661889,manufreeky,Manufreeky.bit,['artist palette gabby reveal 1 raise ai become intj amp entjartist palette bringing brain brawn table savvy'],ENTJ
378,1174742792897269761,mortezajoon5,"morva.lens(ğŸŒ¸, ğŸŒ¿)ğŸ›¸mytrust.nft",['artist palette gabby reveal 1 raise ai become intj amp entjartist palette bringing brain brawn table savvy'],ENTJ
379,1553551880764420097,iamnot_nadine_,arki cutiiieeeeeee,['entj arc coming soon'],ENTJ
380,878722165826351104,AmareInMortis,'Rosy S. Phantom',['ill return weekly weekend post schedule soon sunday work'],ENTJ
381,900036248647090176,1ms09ay,Golden (Taylorâ€™s Version),['want meet entj girlgrinning face big eye'],ENTJ
382,1637753280368627713,bfheez,kobe,['whats mbti mine entj'],ENTJ
383,1521506831021096961,JacobBSpeaks,Jacob P.M.ğŸŒ”,['whats myers briggs personality type im entj curious see everyone el'],ENTJ
384,1269954958226526214,Jignesh14327542,"SuiFrens AI""| SuiSwap.! ğŸ›¸âšªâš«ğŸ",['artist palette gabby reveal 1 raise ai become intj amp entjartist palette bringing brain brawn table savvy'],ENTJ
385,1645833349833916416,lustverlust,k-os,['hot entj gf pleading face'],ENTJ
386,1351970074257666050,KriptVal,KriptValğŸï¸ğŸï¸ğŸï¸ğŸï¸ğŸï¸ğŸï¸,['artist palette gabby reveal 1 raise ai become intj amp entjartist palette bringing brain brawn table savvy'],ENTJ
387,185661883,snindriani,SitiNurlailaIndriani,['fixed deadline entj actually like face spiral eye life unpredictable youll know nothing relieved face'],ENTJ
388,1434681546053754880,UmarFarooq004,Eagle ğŸ¦…| SuiswapğŸ,['artist palette gabby reveal 1 raise ai become intj amp entjartist palette bringing brain brawn table savvy'],ENTJ
389,1261615513916096512,ayastown,Ø¢ÙŠØ©,['entj like worst mbti type ever intj 2nd place'],ENTJ
390,892490446135476224,mushioguri,LEO (ï½¡â€¢Ì€á´—-)âœ§ #1 sigzai defender,['yes dislike entj even'],ENTJ
391,695105251687272448,dogexen,ÃXEN | Suiswap | FusionX Finance | NemoSwap ğŸ,['artist palette gabby reveal 1 raise ai become intj amp entjartist palette bringing brain brawn table savvy'],ENTJ
392,1486685361052946437,GODDESSiMPACT,â€â€ â€ â€â€ â€ â€â€ â€â€MiKO'S â€â€ â€KAFKA. â€â€ â€â€¹3 â€â€ â€,['whether im entj estj im bound fate dont like j'],ENTJ
393,1335574909280391172,jihoonsjawline,leen âœ¦ ğŸ¶ğŸ©µ,['want entj ttalk'],ENTJ
394,1458733722832805896,sp_qvv,nia ğŸ“š,['hello im stella new study twt im looking mutuals entj sagittarius sheher like reading bo'],ENTJ
395,1539415416375762946,T0JIDDIES,dua,['way fearless amp antifragile amp le sserafim group typed entjs pdb'],ENTJ
396,1548917764248723456,loonasthreads,im normal.,['used infp year took another test another website got entj intj'],ENTJ
397,1525914367929331713,entjso136,lia,['got typed several people started moot saying might entj instead investigated lol'],ENTJ
398,1525914367929331713,entjso136,lia,['entj so1 never really expected self one actually started learning thou'],ENTJ
399,13715922,neeraji2it,Imperishable ğŸ ğŸ›¸ | Avive Citizen | MantleSwap,['artist palette gabby reveal 1 raise ai become intj amp entjartist palette bringing brain brawn table savvy'],ENTJ
400,1315182009677869056,ppuda_ENTJ,ğŸ’ë¿Œë‹¤â›¸ï¸,['230417 interview hyejin cho wtt steven good partner link'],ENTJ
401,262795624,PersonalityHack,Personality Hacker,['full ep 474 setting example leader important'],ENTJ
402,175827659,DanD_fire,ğŸ”¥DFireğŸ”¥,['entjthinking face'],ENTJ
403,1160479436774338561,cxxrisx_mmt,ğŸ“ì œë‹ˆğŸ“,['entj nothing'],ENTJ
404,1315182009677869056,ppuda_ENTJ,ğŸ’ë¿Œë‹¤â›¸ï¸,['competition turn first last international competition smiling face tearsmiling face tearsmiling face tearsmiling face tearsmiling face tearsmiling face tearsmiling face tearsmiling face tear'],ENTJ
405,1640424749670223873,taeraeons,Bea,['he entj lol would never type like thisloudly cry face'],ENTJ
406,243174343,julie78787,Julie In Austin,['entj thing call u dictator ive called dictator'],ENTJ
407,1534738573815324673,choegyeonglyeol,ìµœê²½ë ¬ I YouSUI ğŸ ğŸ”…,['artist palette gabby reveal 1 raise ai become intj amp entjartist palette bringing brain brawn table savvy'],ENTJ
408,1637714082152484864,mrperfcetlyfine,pierce,['yeah cu im entj u one wild enfp fit u perfectly'],ENTJ
409,1364524188141289475,4ggiesnightmar3,gigi sanchez,['forget zodiac sign whats personality type kibbe body type im entj soft dramaticbeaming face smiling eye'],ENTJ
410,1601778913331511298,zozoelee,shim â™¡ chou â€¢ my felix #1 fan,['idk like entj something'],ENTJ
411,1622602553409306624,yyunzino,â˜†,['need enfp entj friend ngl loudly cry face'],ENTJ
412,243174343,julie78787,Julie In Austin,['better called dictator entj opportunist instead taking test youll give ted talk'],ENTJ
413,1261615513916096512,ayastown,Ø¢ÙŠØ©,['there one thing ik abt typology im te user im intj im estj im istj n im entj l'],ENTJ
414,1724344818,TripXtoes,ElvisaysRELAXX,['ea mbti might single entj likely single high standard unwillingness'],ENTJ
415,1443474666283159554,DaniellMoe,Bluey (Heavy Hiatus),['mbti doodlessparkles'],ENTJ
416,57424633,andredindisyan,"@metaearly.lens |Suiswap (âš–ï¸,ğŸŒ)ğŸ”´âœ¨ğŸŒŠğŸª¶ğŸ›¡ï¸ğŸš¢.zk",['artist palette gabby reveal 1 raise ai become intj amp entjartist palette bringing brain brawn table savvy'],ENTJ
417,765727970099077120,soignoire,Julian.,['entj red black julian'],ENTJ
418,966747576358854656,snowwhex,Snow â™¡'s zen,['thought entj long time literally studied everything abt mbti figured'],ENTJ
419,1654766182036283393,vvrebee,irenee,['hello im looking new study buddy call ayaa 7th grade entj girl like kpop anime co'],ENTJ
420,1346736687326453761,JatinCool909,Jatin Srivastav lens.L2 ğŸŒŠğŸ“˜ Sui GorilğŸ”¥.bit,['artist palette gabby reveal 1 raise ai become intj amp entjartist palette bringing brain brawn table savvy'],ENTJ
421,1240225114089607168,Gfs_Ninja4,AmitManna.EthğŸ¤¡,['artist palette gabby reveal 1 raise ai become intj amp entjartist palette bringing brain brawn table savvy'],ENTJ
422,1339561618464600065,KAACHUprogress,chu ğŸ§¸|| D-21 SAT,['hello im looking new study buddy call ayaa 7th grade entj girl like kpop anime co'],ENTJ
423,1585186847671562240,ctgDao,Ctgdao,['artist palette gabby reveal 1 raise ai become intj amp entjartist palette bringing brain brawn table savvy'],ENTJ
424,1300745373451866113,luckyresp,ğŸ¦µğ‹ğ®ğœğ¤ğ² ğ’ğœğ¢ğ¬ğ¬ğ¨ğ«ğ¬âœ‚ï¸| Luckyresp,['agent characterization pique interest hate theyre making bri'],ENTJ
425,1654683489156104192,teavpot,ally udah us,['hi im ni new studytwt im looking moot lt3 last year jhs love music book sher en'],ENTJ
