,user_id,user_screen_name,user_name,words,personality_type
0,1476221448301781004,iCatHirano,tommy,"['add', 'ur', 'mbti', 'put', '4', 'character', 'mbti', 'esfp', 'acho', 'uma', 'mentira', 'sasaki', 'ser', 'esfp']",ESFP
1,1331620633726259200,ssefnum,"Ssefnum ON, cek likes. ğŸ’š","['im', 'attempting', 'gain', 'lot', 'new', 'comrade', 'here', 'shout', 'bestowing', 'warmest', 'regard', 'start', 'go', 'h']",ESFP
2,1413989205890457601,HIRA_SHIZU,ğ“ğ‡ğ„ğ˜ ğ‚ğ€ğ‹ğ‹ ğŒğ„ ğ‡ğˆğ‘ğ€ ğ’‰­,"['esfp', 'infp', 'friend', 'really', 'want', 'entj', 'intp', 'friend', 'specially', 'intps']",ESFP
3,1389755533469515776,neworderslut,Steven The SecondğŸ”ğŸ¶,"['im', 'esfp', 'mean']",ESFP
4,2297770533,esfp_7,ğŸ•¯ï¸,"['youre', 'going', 'hell', 'keep', 'going']",ESFP
5,1011100897315733504,mbtitime,MJ â˜» Jungian Onion,"['_ãƒ„_', 'forgive', 'b', 'forget', 'c', 'cut', 'depends']",ESFP
6,1499123808514494465,luvrplu,pluto â™¡ caitlin ğŸ§ cae day !,"['hii', 'im', 'rinn', 'im', 'currently', 'looking', 'interactive', 'moot', 'fandom']",ESFP
7,828670856956100612,inkedinoir,lyra,"['mikaela', 'langdon', 'twentyfive', 'british', 'esfp', 'capricorn', 'bisexual', 'htt']",ESFP
8,1419078670283460610,buddycaratnaV,"qisğŸ¤Ÿ loves umji, jay & joshua","['tried', 'soulmate', 'mbti', 'partner', 'using', 'kstone', 'got', 'esfp', 'partner', 'kissing', 'face', 'closed', 'eyeskissing', 'face', 'closed', 'eye', 'still', 'chance', 'kissing', 'face', 'smiling', 'eyeskissing', 'face', 'smiling', 'eye']",ESFP
9,1267453848311853056,YumOnigiri,belle | A proud JaystarğŸŒŸ but loving zb1,"['esfp', 'every', 'enfp', 'oomfies', 'disaster']",ESFP
10,1331348780864696322,sangokakutrees,sitara hates thua !! ğŸŒº,"['esfp', '8', 'cognitive', 'function', 'top', '4', 'strongest']",ESFP
11,1267453848311853056,YumOnigiri,belle | A proud JaystarğŸŒŸ but loving zb1,"['world', 'hate', 'esfp', 'guess', 'bye', 'world', 'nice', 'knowing']",ESFP
12,880952849860919296,monoceali,pin,"['add', 'mbti', 'put', '4', 'character', 'type', 'im', 'esfp']",ESFP
13,1162750642185576451,eu3yu,âœ˜,"['add', 'ur', 'mbti', 'put', '4', 'character', 'mbti', 'im', 'esfp']",ESFP
14,1491614777268834306,svcellie,Ø˜Ø˜,"['hii', 'im', 'rinn', 'im', 'currently', 'looking', 'interactive', 'moot', 'fandom']",ESFP
15,850783727395491840,Migsssg,MÎ¹gÏ…,"['add', 'ur', 'mbti', 'put', '4', 'character', 'mbti', 'esfp', 'ole']",ESFP
16,1372593287077498885,STRAYXDOGGO,* ğ•¾ğ­ğ«ğšğ² ğğ¨ğ .,"['ğ„ğ’ğ…ğ', 'extraverted', 'sensing', 'feeling', 'perceiving', 'people', 'esfp', 'personality', 'type', 'often', 'described', 'spontaneo']",ESFP
17,1369751530610561024,hightowerys,nellie,"['add', 'mbti', 'put', '4', 'character', 'mbti', 'esfp']",ESFP
18,1348459769476960262,Sleincanpooo,Sealionnâ˜…,"['hii', 'im', 'rinn', 'im', 'currently', 'looking', 'interactive', 'moot', 'fandom']",ESFP
19,2297770533,esfp_7,ğŸ•¯ï¸,"['gratified', 'chocolate', 'barcloud']",ESFP
20,1633071451061518343,stfuimvaughn,Vaughn,"['hii', 'im', 'rinn', 'im', 'currently', 'looking', 'interactive', 'moot', 'fandom']",ESFP
21,1529839305593499649,CertifiedWizNot,ryan #UNFORGIVEN,"['hii', 'im', 'rinn', 'im', 'currently', 'looking', 'interactive', 'moot', 'fandom']",ESFP
22,1380412614002479109,lmzlsj,"Love, Noze.","['hii', 'im', 'rinn', 'im', 'currently', 'looking', 'interactive', 'moot', 'fandom']",ESFP
23,1517775034605260800,bluespring553,Ù,"['hii', 'im', 'rinn', 'im', 'currently', 'looking', 'interactive', 'moot', 'fandom']",ESFP
24,1458353381957718024,ThinkAbtCele,Celestine || haerin day !,"['hii', 'im', 'rinn', 'im', 'currently', 'looking', 'interactive', 'moot', 'fandom']",ESFP
25,1267453848311853056,YumOnigiri,belle | A proud JaystarğŸŒŸ but loving zb1,"['think', 'youre', 'compatible', 'face', 'blowing', 'kiss', 'im', 'esfp', 'btw']",ESFP
26,1603312698497724417,skzluvbot032518,adrii ğŸ‘¾âœ¨ â˜…âµ,"['hii', 'im', 'rinn', 'im', 'currently', 'looking', 'interactive', 'moot', 'fandom']",ESFP
27,1233746881995558913,reallymunson,bea ğ–¤,"['make', 'much', 'sense', 'love', 'esfp']",ESFP
28,1626642418702422029,taintedsinger,braelynn â˜¾,"['mikaela', 'langdon', 'twentyfive', 'british', 'esfp', 'capricorn', 'bisexual', 'htt']",ESFP
29,961642445816639489,_LASAR_,Lancaster Area Search & Rescue,"['pleasure', 'managed', 'get', 'photo', 'vehicle', 'last', 'night', 'took', 'insta']",ESFP
30,1655175386614083585,luvsjy_,ray,"['hii', 'im', 'rinn', 'im', 'currently', 'looking', 'interactive', 'moot', 'fandom']",ESFP
31,1447194060851191808,qiyanator,aslan,"['expected', 'isfp', 'sx4w3', 'esfp', 'sx4w3', 'lovebird']",ESFP
32,1630846519485276160,geoksjsn,geo,"['hii', 'im', 'rinn', 'im', 'currently', 'looking', 'interactive', 'moot', 'fandom']",ESFP
33,1525914367929331713,entjso136,lia,"['younger', 'si', 'would', 'type', 'esfp', 'sx4', 'so8', 'maybe']",ESFP
34,1656656954662731785,hyunejsm,ry. â˜…âµ ; studying,"['hii', 'im', 'rinn', 'im', 'currently', 'looking', 'interactive', 'moot', 'fandom']",ESFP
35,1490276061287895040,silverioblake__,Blake,"['hii', 'im', 'rinn', 'im', 'currently', 'looking', 'interactive', 'moot', 'fandom']",ESFP
36,88296327,MatthewTwihard,MatthewTwihard,"['percy', 'esfp', 'esfps', 'entertainer', 'capable', 'charming', 'people', 'ease', 'theyre', 'spontaneous', 'amp', 'energetic', 'amp', 'find', 'j']",ESFP
37,1655790830874132486,diegscwx,diego,"['hii', 'im', 'rinn', 'im', 'currently', 'looking', 'interactive', 'moot', 'fandom']",ESFP
38,1561598904801820672,bambicrys,davi â˜†,"['mikaela', 'langdon', 'twentyfive', 'british', 'esfp', 'capricorn', 'bisexual', 'htt']",ESFP
39,400882640,johnkavanagh6,John Kavanagh,"['pleasure', 'managed', 'get', 'photo', 'vehicle', 'last', 'night', 'took']",ESFP
40,1649551306439131137,wittyhxe,car go vroomâ°-Â¹ğŸ¬,"['lee', 'yechan', 'main', 'rapper', 'main', 'dancer', 'vocalist', 'maknae', 'xikers', 'born', 'oct', '21', '2005', 'he', 'libra']",ESFP
41,772403455994437633,fairiezdust,zaf. ğŸª¼,"['mikaela', 'langdon', 'twentyfive', 'british', 'esfp', 'capricorn', 'bisexual', 'htt']",ESFP
42,1450846685333237760,illicitsink,juridico percy de baby,"['add', 'mbti', 'put', '4', 'character', 'mbti', 'esfp']",ESFP
43,1455904725354827781,wisegirling,raya à¼Š*Â·Ëš CHECK PINNED,"['percy', 'esfp', 'esfps', 'entertainer', 'capable', 'charming', 'people', 'ease', 'theyre', 'spontaneous', 'amp', 'energetic', 'amp']",ESFP
44,1622458997805834242,fieryravenette,AÊ€Éªá´€ M. Má´É´á´›É¢á´á´á´‡Ê€Ê,"['ive', 'eliminated', 'number', 'enneagram', 'attempting', 'type', 'jughead', 'jones', 'he', 'either', '784', 'e']",ESFP
45,1449069893396094979,inkchr0matic,joey drew's office chair,"['fucking', 'love', 'entps', 'mighty', 'war', 'since', 'ppl', 'cant', 'decide', 'he', 'entp', 'esfp', 'he', 'entp', 'cause', 'make']",ESFP
46,1382779686888038402,brwthing,summer,"['mikaela', 'langdon', 'twentyfive', 'british', 'esfp', 'capricorn', 'bisexual', 'htt']",ESFP
47,1231253095809798145,y2kshakespeare,Romina.,"['mikaela', 'langdon', 'twentyfive', 'british', 'esfp', 'capricorn', 'bisexual', 'htt']",ESFP
48,1645525231497347077,fumesterio,etarra fumon busca sumiso financiero,"['add', 'ur', 'mbti', 'put', '4', 'character', 'mbti', 'soy', 'simultÃ¡neamente', 'isfp', 'esfp']",ESFP
49,1403196541527945220,mrsachaaa,celsy,"['add', 'mbti', 'put', '4', 'character', 'mbti', 'esfp']",ESFP
50,3123482607,gIasscherries,mik.,"['mikaela', 'langdon', 'twentyfive', 'british', 'esfp', 'capricorn', 'bisexual']",ESFP
51,1457502269113573376,hugodurum,Hugo ğŸŒ¯,"['add', 'ur', 'mbti', 'put', '4', 'character', 'mbti', 'esfp', 'ay', 'mi', 'cuki']",ESFP
52,1375165127905923092,kieuanh28_,CallmeJB_ | Haegeum ğŸ¥¢ (disfunction),"['pandemic', 'ive', 'change', 'esfp']",ESFP
53,1501308187919753216,pinkaurora120,ina â™¡,"['1', 'doesnt', 'deep', 'meaning', 'combination', 'two', 'favorite', 'thing', '12', 'im', 'esfp', '1']",ESFP
54,1526680599389425665,merakiRiri,Riri / ğŸ‰ (ë¦¬ë¦¬),"['hii', 'im', 'rinn', 'im', 'currently', 'looking', 'interactive', 'moot', 'fandom']",ESFP
55,1414394740762550278,namjoonhcrts,ember ğŸ“ / D-12 UNTIL BDAY!!,"['hii', 'im', 'rinn', 'im', 'currently', 'looking', 'interactive', 'moot', 'fandom']",ESFP
56,1641575324843487233,glumbaery,glumbaerry,"['made', 'new', 'friend', 'nd', 'he', 'esfp', 'ofc', 'made', 'test', 'smirking', 'face', 'made', 'multiple', 'fun', 'plan', 'short', 'vacation', 'excited']",ESFP
57,828670856956100612,inkedinoir,lyra,"['ËË‹', 'jaden', 'vincent', 'sinclair', 'Ë', '00', 'taurus', 'esfp', 'aspiring', 'actor', 'nepotism', 'baby', 'goofball', 'pronoun', 'dm']",ESFP
58,1297394482980089857,SourabhStephen,stephen | stephenwolf.bnb | Suiswap .bit ğŸ ğŸŒŠğŸ“˜âšªâš«,"['artist', 'palette', 'gabby', 'reveal', '8', 'raise', 'ai', 'artist', 'palette', 'full', 'creativity', 'passion', 'living', 'moment', 'artistic']",ESFP
59,1427642383383019537,Hameedmoyal1,"Hameedmoyal.| Fuelet Free, OwnğŸ§Ÿâ€â™‚ï¸","['artist', 'palette', 'gabby', 'reveal', '8', 'raise', 'ai', 'artist', 'palette', 'full', 'creativity', 'passion', 'living', 'moment', 'artistic']",ESFP
60,1277988616371929089,goatgyal,Ziza,"['dont', 'like', 'esfp']",ESFP
61,222016554,heweyleweydewey,ÇnbÄ±É¹uÉÉ¯ sÄ±nl,"['submitted', 'anon']",ESFP
62,986227506096164864,troyesdemigods,vrash #1 cardan defender brina's bday!! ğŸ’Œ,"['see', 'estj', 'n', 'esfp', 'dumbass', 'woman', 'facepalming', 'medium', 'skin', 'tone']",ESFP
63,1548870778539708416,denxuements,astra,"['add', 'mbti', 'put', '4', 'character', 'mbti', 'esfp']",ESFP
64,1269099639912796161,stardivrs,rani,"['rani', 'prohibited', 'bukan', 'akun', 'rp', 'suka', 'red', 'velvet', 'blackpink', 'itzy', 'ive', 'twice', 'new', 'jean', 'stray', 'kid', 'jkt', '48', 'skull', 'aries', 'esfp']",ESFP
65,1458166128103067656,warnersduarte,karen lynch | suits era,"['add', 'mbti', 'put', '4', 'character', 'mbti', 'esfp']",ESFP
66,1035109298492334080,carlortoo,ğŸ’­,"['add', 'ur', 'mbti', 'put', '4', 'character', 'mbti', 'esfp']",ESFP
67,1558594816232984576,ranitakahashi,Rara,"['esfp', 'surprisingly', 'closest', 'one', 'mostly', 'estjface', 'tear', 'joy']",ESFP
68,1657654451442966528,seiarive,seia,"['hii', 'im', 'rinn', 'im', 'currently', 'looking', 'interactive', 'moot', 'fandom']",ESFP
69,1466260479752359938,jonghomallow,sushi,"['hii', 'im', 'rinn', 'im', 'currently', 'looking', 'interactive', 'moot', 'fandom']",ESFP
70,1634112240386453504,ilovemongmong,rinn ! â™¡ lf moots,"['hii', 'im', 'rinn', 'im', 'currently', 'looking', 'interactive', 'moot', 'fandom']",ESFP
71,1622339768880070663,leelinol,LINO,"['add', 'mbti', 'put', '4', 'character', 'mbti', 'esfp']",ESFP
72,1286524999939940352,shaeilish,S H A,"['add', 'mbti', 'put', '4', 'character', 'mbti', 'esfp']",ESFP
73,1621542725056069637,didistwt,sigrid,"['add', 'mbti', 'put', '4', 'character', 'mbti', 'esfp']",ESFP
74,1608672769259995137,laufeyas,caleb,"['add', 'mbti', 'put', '4', 'character', 'mbti', 'took', 'quiz', '2', 'time', 'gave', 'infp', 'amp']",ESFP
75,1541799695525089283,mbtibutpinoy,mbti but pinoy,"['submitted', 'anon']",ESFP
76,1078509601727889408,scnsetbaby,aves ğŸ©µ,"['ËË‹', 'jaden', 'vincent', 'sinclair', 'Ë', '00', 'taurus', 'esfp', 'aspiring', 'actor', 'nepotism', 'baby', 'goofball', 'pronoun', 'dm']",ESFP
77,986430103272894465,videnoir_,â˜†,"['add', 'mbti', 'put', '4', 'character', 'mbti', 'esfp']",ESFP
78,1176164615962710023,fay_kraken,uliğŸ’ğŸ–– D-74,"['add', 'mbti', 'put', '4', 'character', 'mbti', 'esfp']",ESFP
79,1561598904801820672,bambicrys,davi â˜†,"['ËË‹', 'jaden', 'vincent', 'sinclair', 'Ë', '00', 'taurus', 'esfp', 'aspiring', 'actor', 'nepotism', 'baby', 'goofball', 'pronoun', 'dm']",ESFP
80,869800286197432320,freudnkeith,à©ˆâ™¡â€§â‚ŠËš,"['closest', 'friend', 'infp', 'intp', 'infj', 'intj', 'mostly', 'friend', 'person', 'mine', 'esfp']",ESFP
81,1647408022593912832,VENOMAMlRA,ğ‘´. ğ‘·ğ‘¬ğ‘¹ğ‘¬ğ’,"['ËË‹', 'jaden', 'vincent', 'sinclair', 'Ë', '00', 'taurus', 'esfp', 'aspiring', 'actor', 'nepotism', 'baby', 'goofball', 'pronoun', 'dm']",ESFP
82,1354547220943687683,lovasaolvidars,mika .áŸ,"['ËË‹', 'jaden', 'vincent', 'sinclair', 'Ë', '00', 'taurus', 'esfp', 'aspiring', 'actor', 'nepotism', 'baby', 'goofball', 'pronoun', 'dm']",ESFP
83,1625776355236536320,chrrynectar,lotte,"['ËË‹', 'jaden', 'vincent', 'sinclair', 'Ë', '00', 'taurus', 'esfp', 'aspiring', 'actor', 'nepotism', 'baby', 'goofball', 'pronoun', 'dm']",ESFP
84,1417936466664169475,tendencytorebel,JADEN.,"['ËË‹', 'jaden', 'vincent', 'sinclair', 'Ë', '00', 'taurus', 'esfp', 'aspiring', 'actor', 'nepotism', 'baby', 'goofball', 'pronoun']",ESFP
85,1497455035718029313,JUMPINGJAKX,JAKX ğŸ’‹ THEE ISABELLERINA,"['add', 'mbti', 'put', '4', 'character', 'mbti', 'esfp', 'kiss', 'mark', 'cuntiest', 'type']",ESFP
86,2793445569,theycallmeivyy,steve harrington protector,"['add', 'mbti', 'put', '4', 'character', 'mbti', 'esfp']",ESFP
87,1190012055450992641,seanmundyphoto,Sean Mundy,"['gm', 'gas', 'fee', 'bearable', 'woozy', 'face', 'here', 'notification', 'available']",ESFP
88,1571040115207671811,ptolemaeniac,ewa,"['finding', 'mbti', 'esfp', 'laura', 'palmer', 'changed', 'life']",ESFP
89,1562862659758100480,summersatire,ğŸ‘ ğ“’ğ“ªğ“»ğ“¶ğ“®ğ“· IS SEEING LANA,"['add', 'mbti', 'put', '4', 'character', 'mbti', 'esfp']",ESFP
90,1571013835242225664,loullipopx,bonnie ğŸ­,"['also', 'sh0p', 'update', 'may', '15th', 'wan', 'na', 'pre', 'order', 'mbti', 'charm', 'last', 'chance', 'link', 'e']",ESFP
91,1601005699307388928,puppetdawq,megan ğŸ¦,"['4', 'character', 'mbti', 'skull', 'crossbones', 'esfp']",ESFP
92,1221831726881742857,lezzyron,rosie ğ“¢Ö´à»‹ğŸ’¥âš¢,"['feel', 'like', 'im', 'esfp', 'bc', 'theyre', 'sm', 'accurate']",ESFP
93,782270255485693953,cikenmcdeluxe,ğ“¼à¹‘ğ“‚…âŒ¯à´’Ç‚,"['got', 'compliment', 'abt', 'attractive', 'bila', 'berborak', 'btw', 'mbti', 'esfpzany', 'face']",ESFP
94,1453684685121331202,sanzvy,xe mabok baygon,['esfp'],ESFP
95,1505675979515179008,ghostfaceroman,louis ğŸˆâ€â¬›,"['add', 'mbti', 'put', '4', 'character', 'mbti', 'esfp']",ESFP
96,1261059179546017792,Chroma_Code_,Chroma Code,"['gm', 'gas', 'fee', 'bearable', 'woozy', 'face', 'here', 'notification', 'available']",ESFP
97,785929753480101889,lara_O3,Bollera triste,"['add', 'ur', 'mbti', 'put', '4', 'character', 'mbti', 'esfp']",ESFP
98,983136281600364544,aamnaa____,Aamna,"['thought', 'isfpesfp']",ESFP
99,381742488,TheClairWitch,Clair Rose,"['add', 'mbti', 'qrt', '4', 'character', 'mbti', 'esfp', 'inosuke', 'hashibara', 'eijiro', 'kirishima', 'sasha']",ESFP
100,1267453848311853056,YumOnigiri,belle | A proud JaystarğŸŒŸ but loving zb1,"['found', 'kamden', 'esfp', 'loudly', 'cry', 'faceloudly', 'cry', 'face', 'mbti', 'wonder', 'feel', 'vibe']",ESFP
101,1309255421018796032,bosssuraj7532,Suraj.bnb | Tyche | Paysenger | âšªâš« ğŸ .zk,"['artist', 'palette', 'gabby', 'reveal', '8', 'raise', 'ai', 'artist', 'palette', 'full', 'creativity', 'passion', 'living', 'moment', 'artistic']",ESFP
102,208583955,giogiotezio,GioParadiso.eth,"['gm', 'gas', 'fee', 'bearable', 'woozy', 'face', 'here', 'notification', 'available']",ESFP
103,1204626623649071104,_senatii,Senati | ao simp | âœ¨comms open âœ¨,"['also', 'sh0p', 'update', 'may', '15th', 'wan', 'na', 'pre', 'order', 'mbti', 'charm', 'last', 'chance', 'link', 'e']",ESFP
104,1571013835242225664,loullipopx,bonnie ğŸ­,"['also', 'sh0p', 'update', 'may', '15th', 'wan', 'na', 'pre', 'order', 'mbti', 'charm', 'last', 'chance', 'link']",ESFP
105,1331620633726259200,ssefnum,"Ssefnum ON, cek likes. ğŸ’š","['rl', 'hello', 'hope', 'late', 'seeking', 'bunch', 'new', 'friend', 'sneekpeak', 'esfp', 'go']",ESFP
106,1147852217312923648,jeonghyns,ğŸº,"['he', 'esfp', 'jeonghyeons', 'mbti', 'cute']",ESFP
107,1595120120103407641,gogoldeeznuts,â€|| Roy,"['mbti', '4', 'caharctes', 'mb4i', 'esfp']",ESFP
108,1431767827271323650,urfav_mf,ninzinoğŸ•´ï¸,"['believe', 'infp', 'trait', 'suit', 'esfp', 'trait', 'would', 'definit']",ESFP
109,1636114129244110855,hiddenessence_,â€ â€ â€ â€ â€ â€â€â€ â€ â€ Meng Lixue â€ â€ â€ â€ â€ Ë“ğŸŒ™Ë’,"['ğ“ğ¡ğ', 'ğ ğ¨ğ', 'ğ°ğ¡ğ¨', 'ğ¥ğ¢ğ¯ğ', 'ğ¥ğ¨ğ¯ğ', 'ğšğ§ğ', 'ğğ¢ğ', 'ğ—˜ğ—¹ğ—¼ğ—¿', 'ğ— ğ—®ğ—¸ğ—¿ğ—¶ğ˜€', '22', 'mortal', 'yr', 'ğ—˜ğ˜€ğ—°', 'sun']",ESFP
110,749034415137763328,cloudslils1ut,julesğŸº,"['add', 'mbti', 'amp', '4', 'character', 'mbti', 'esfp']",ESFP
111,1478708917890912260,vitunyeseo,lune !! âœ®,"['omg', 'im', 'esfp', '2w3']",ESFP
112,1148835401974591488,vickiwwi,ğ™«ğ™ğ™˜ğ™ ğ™®â˜… ia,"['esfp', 'neither', 'discussing', 'wrong']",ESFP
113,1148835401974591488,vickiwwi,ğ™«ğ™ğ™˜ğ™ ğ™®â˜… ia,"['thing', 'laid', 'back', 'explorer', 'much', 'istps', 'wish', 'believe', 'u', 'one', 'go']",ESFP
114,1578047728793571328,vlcrrei,rei .. slow,"['hyeoku', 'uncanny', 'counter', 'unhealthy', 'obsession', 'w', 'he', 'esfp', 'sx4', 'fun', 'fact']",ESFP
115,1376138354622832644,lanhzhou,jen,"['esfp', 'love', 'u', 'guy']",ESFP
116,1633261658847199236,fujosukuna,ema,"['oh', 'gosh', 'im', 'esfp']",ESFP
117,1038597614478872579,solssoup,sol âˆ˜â Ëšâ â˜†Ë³â Â°,"['ive', 'concluded', 'esfp']",ESFP
118,1488815835401490432,innocvnce,ayuya,"['took', 'recent', 'mbti', 'test', 'said', 'im', 'still', 'esfp', 'one', 'doesnt', 'really', 'describe', 'correctly', 'kecu']",ESFP
119,1295507334731575303,iinxa94,ğ˜•ğ˜°ğ˜¯ğ˜¢â· | ÙŠØ§Ø±Ø¨ Ù†ÙˆØ± ØªØ¯Ø®Ù„ Ø§Ù„Ø«Ø§Ù†ÙˆÙŠ Ø¨Ù…Ø¬Ù…ÙˆØ¹ Ø¹Ø§Ù„ÙŠ Ø¢Ù…ÙŠÙ†,"['add', 'ur', 'mbti', 'put', '4', 'character', 'type', 'esfp']",ESFP
120,1615729847535296513,minhorae,ì•„ë‚˜ ğŸŒ‹â˜…âµ,"['hii', 'lee', 'know', 'highest', 'zodiac', 'mbti', 'youu', 'taurus', 'sagittarius', 'esfp', 'intj']",ESFP
121,3276705782,tayutie,Nat,"['istj', 'si', 'can', 'not', 'stand', 'witnessing', 'esfp', 'bro', 'spends', 'money', 'comedy', 'point']",ESFP
122,1545398507498078208,0for97,SHALALA JILL,"['esfp', 'letter', 'kicking', 'as', 'rn']",ESFP
123,1545398507498078208,0for97,SHALALA JILL,"['driving', 'day', 'oops', 'think', 'youre', 'combo', 'great', 'listener', 'deep', 'convos', 'def', 'sign', 'yo']",ESFP
124,1411629170799611906,Tobunabe,Tai ğŸª¼Halal Era 2ğŸŒ™,"['shampoo', 'esfp']",ESFP
125,1009912441084497920,fluffspikes,âœ© â€§â‚ŠËšsonicËšâ‚Šâ€§ âœ©,"['add', 'mbti', 'put', '4', 'character', 'type', 'esfpcat', 'wry', 'smile']",ESFP
126,1526720372908797952,jisungscumrag,yoshi yoshi nae ğŸŒ¹,"['1', 'year', 'ago', 'v', 'took', 'infp', 'side', 'dead', 'inside', 'best', 'make', 'happy', 'like', 'thats']",ESFP
127,1406224437091782658,gfofkimtaehyung,ğŸ¤·ğŸ»â€â™€ï¸,"['im', 'supposed', 'believe', 'he', 'esfp', 'face', 'raised', 'eyebrow']",ESFP
128,1253285245681496064,BlaxX_1110,ğŸš«,"['mbti', 'doodlessparkles']",ESFP
129,19744251,kimkozak,Kim on LinkedIn,"['ive', 'never', 'seen', 'pattern', 'horoscope', 'order', 'able', 'understand', 'remember']",ESFP
130,1551755373190717441,12Justruee,Rueâ˜…,"['esfp', 'mbti', 'test', 'result']",ESFP
131,1514052500135022592,hyulinos,2min #1 fan â˜†,"['hii', 'lee', 'know', 'highest', 'zodiac', 'mbti', 'youu', 'taurus', 'sagittarius', 'esfp', 'intj']",ESFP
132,1313944156083900416,boulevarddouble,Caro,"['think', 'im', 'esfp', 'isnt']",ESFP
133,1482045071952384003,ryuchanlys,rien #seymamonth!ğŸ§,"['en', 'esfp', 'ozelligim', 'exist', 'prove', 'wrong']",ESFP
134,1627745380464005134,jooyeonsmiles,skyğŸŒ™âœ¨ jooyeonâ€™s kisser,"['ohhh', 'one', 'think', 'joo', 'iseyes', 'cause', 'personally', 'see', 'esfp', 'right', 'junhan', 'infp', 'thooo']",ESFP
135,1646356041561513984,riyanghao,(ï¼¾à¼‹à¼ï¼¾)â™¡,"['esfp', 'day', 'cuz', 'eye', 'opened']",ESFP
136,1444869864900943874,gfcaesar,rhyla,"['mayhaps', 'esfp']",ESFP
137,2297770533,esfp_7,ğŸ•¯ï¸,"['walk', 'lovely', 'song', 'headphonewoman', 'walking', 'medium', 'skin', 'tone']",ESFP
138,1329692115559858180,markeuwou,Chandra.,"['ill', 'leave', 'carrd', 'esfp', 'person', 'oh', 'available', 'start', 'tomorrow', 'onwards', 'con']",ESFP
139,1331620633726259200,ssefnum,"Ssefnum ON, cek likes. ğŸ’š","['tiara', 'andinis', 'song', 'love', 'cat', 'three', 'home', 'anyway', 'go', 'masc', 'pronoun', 'current', 'mbti']",ESFP
140,1148835401974591488,vickiwwi,ğ™«ğ™ğ™˜ğ™ ğ™®â˜… ia,"['think', 'im', 'esmerelda', 'jasmine', 'brand', 'esfp', 'enneagram', 'tho', 'lisa', 'wonyo', 'brand']",ESFP
141,1377800870881062913,tifasgloves,segy,"['whats', 'insane', 'asami', 'tifa', 'mbti', 'isfj', 'korra', 'aerith', 'simila']",ESFP
142,1657011814176268288,kmszxw0_,Ù‹ğŸŒ‘,"['day', '1', 'looking', 'interactive', 'moot', 'ina', 'esfp', 'minor', 'sheher', 'looking', 'ina', 'intl', 'engene', 'moa', 'dive', 'onc']",ESFP
143,1392073366790623236,Stanisl86863011,Stanislav Andreev,"['artist', 'palette', 'gabby', 'reveal', '8', 'raise', 'ai', 'artist', 'palette', 'full', 'creativity', 'passion', 'living', 'moment', 'artistic']",ESFP
144,1212258673428353024,frcica1979,"frcica_ãƒ•ãƒ©ã‚·ã‚«@NFT TwitFi phaver .lens(ğŸŒ¸, ğŸŒ¿)","['artist', 'palette', 'gabby', 'reveal', '8', 'raise', 'ai', 'artist', 'palette', 'full', 'creativity', 'passion', 'living', 'moment', 'artistic']",ESFP
145,1266418454170529793,sleepandeat3,pearğŸ,"['think', 'shes', 'enfp', 'esfp']",ESFP
146,90594495,clrssshrmn,cla,"['let', 'forget', 'jay', 'infp', 'kamden', 'esfp', 'video', 'tell', 'otherwise', 'lol']",ESFP
147,1516496724096868354,lux_ymhs,lux,"['georgia', 'infj', 'closeee', 'pip', 'isfp', 'didnt', 'see', 'coming', 'jason', 'isfj', 'come', 'rooney', 'esfp', 'tol']",ESFP
148,1516496724096868354,lux_ymhs,lux,"['prediction', 'loveless', 'character', 'mbti', 'v', 'real', 'mbti', 'im', 'good', 'extremely', 'good', 'btw', 'accura']",ESFP
149,32717261,Butters360,Roger (RogSwole Arc ğŸ’ª),"['esfp', 'totally', 'see', 'signing', 'legal', 'document', 'glitter', 'gel', 'pen', 'red', 'heartred', 'heartrolling', 'floor', 'laughingrolling', 'floor', 'laughing']",ESFP
150,368665695,Cute_Idiot,Taylor (Colorado Arc) ğŸ’›ğŸ¦Œ,"['hahaha', 'love', 'im', 'actually', 'like', '5050', 'enfpesfp', 'though', 'usually', 'say', 'im', 'enfp']",ESFP
151,1466260479752359938,jonghomallow,sushi,"['day', '2', 'restarting', 'hey', 'name', 'fanta', 'heart', 'suit', 'new', 'heart', 'suit', 'gerflag', 'guinea', 'sheher', 'esfp', 'heart', 'suit', 'looking']",ESFP
152,1580416088566792193,SJYKSFAIRY,Fanta â€¢ DARK BLOOD â˜…âµ,"['day', '2', 'restarting', 'hey', 'name', 'fanta', 'heart', 'suit', 'new', 'heart', 'suit', 'gerflag', 'guinea', 'sheher', 'esfp', 'heart', 'suit', 'loo']",ESFP
153,1263829074973261826,HidariYuu92,el Yuu ğŸ¿ï¸,"['add', 'ur', 'mbti', 'put', '4', 'character', 'mbti', 'esfp', 'aqui', 'viene', 'audaz', 'vi', 'boy', 'pero', 'los']",ESFP
154,1387498409205063683,ubidaned,dee ?!?!? d-40,"['put', 'head', 'he', 'still', 'esfp']",ESFP
155,1521836056999788544,soobinluvrzone,sage.,"['day', '1', 'looking', 'interactive', 'moot', 'ina', 'esfp', 'minor', 'sheher', 'looking', 'ina', 'intl', 'engene', 'moa', 'dive', 'onc']",ESFP
156,414534527,thepullofyou,lainey,"['funny', 'esfp', '5', 'year', 'ago', 'recently', 'retook', 'test', 'im', 'entp', 'still', 'extroverted', 'thinking', 'facegrimacing', 'face']",ESFP
157,118418469,JoeWEquil,Joe Lu ğŸ’™,"['please', 'vote', 'esfp', 'trying', 'get', 'daughter', 'share', 'zany', 'face']",ESFP
158,118418469,JoeWEquil,Joe Lu ğŸ’™,"['please', 'vote', 'esfp', 'trying', 'get', 'daughter', 'share', 'zany', 'face']",ESFP
159,1391079767496081412,VioletMaiden,Violet_Maiden_Art,"['add', 'ur', 'mbti', 'put', '4', 'character', 'mbti', 'im', 'esfp']",ESFP
160,842979823345520640,choicewenbebes,lori lorena,"['love', 'jooheon', 'he', 'ultimate', 'leedo', 'sexiest', 'man', 'alive', 'birthday']",ESFP
161,1310862483138240513,FUSHlGAYRO,j â˜† hater era,"['add', 'mbti', 'post', 'four', 'character', 'mbti', 'esfp', 'double', 'exclamation', 'mark']",ESFP
162,1278388283647553538,Xnebriele,Novi.Suiswap ğŸ”†,"['artist', 'palette', 'gabby', 'reveal', '8', 'raise', 'ai', 'artist', 'palette', 'full', 'creativity', 'passion', 'living', 'moment', 'artistic']",ESFP
163,139233282,ningyoh,clamp school dropout,"['also', 'shouji', 'give', 'esfj', 'vibe', 'got', 'esfp']",ESFP
164,944497700854046720,Kimochu69,"áƒê«€á¥’ | OmeletteSwap | Earn, Ally | FlowX","['artist', 'palette', 'gabby', 'reveal', '8', 'raise', 'ai', 'artist', 'palette', 'full', 'creativity', 'passion', 'living', 'moment', 'artistic']",ESFP
165,1580416088566792193,SJYKSFAIRY,Fanta â€¢ DARK BLOOD â˜…âµ,"['day', '1', 'restarting', 'hey', 'name', 'fanta', 'heart', 'suit', 'new', 'heart', 'suit', 'gerflag', 'guinea', 'sheher', 'esfp', 'heart', 'suit', 'loo']",ESFP
166,1530085527034408960,aroshizue,keris â˜†,"['please', 'u', 'esfp', 'mutual', 'pleaseee']",ESFP
167,1366677860333846536,_leebitzs_,yayaâ˜† â–´,"['wowww', 'im', 'isfp', 'rather', 'esfp']",ESFP
168,999483637681733637,LAZZ1008,LAZZ,"['mbti', 'doodlessparkles']",ESFP
169,1647512442648547330,cathedline,Rue,"['sender', 'hope', 'im', 'late', 'id', 'like', 'introduce', 'lovely', 'friend']",ESFP
170,1308677715072086016,Chandreshjatav8,Chandu.bnb | Suiswap,"['artist', 'palette', 'gabby', 'reveal', '8', 'raise', 'ai', 'artist', 'palette', 'full', 'creativity', 'passion', 'living', 'moment', 'artistic']",ESFP
171,1651176604272558082,jehsy4enha_,jehsy ; lf moots ! á°”á©š,"['day', '1', 'looking', 'interactive', 'moot', 'ina', 'esfp', 'minor', 'sheher', 'looking', 'ina', 'intl', 'engene', 'moa', 'dive', 'onc']",ESFP
172,1373028279498645504,hybejpnicholas,JJğŸŒ™|| VOTE JUNWON HYEONGGEUN KIM DAEHUI,"['esfp', 'isfp', 'jeonghyeon', 'zhang', 'hao', 'laughing', 'together', 'lol']",ESFP
173,1495539776576901120,unwavringheart,aster,"['downgrade', 'like', 'esfp', 'sx8', 'ok', 'accept']",ESFP
174,1580416088566792193,SJYKSFAIRY,Fanta â€¢ DARK BLOOD â˜…âµ,"['hey', 'name', 'fanta', 'heart', 'suit', 'new', 'heart', 'suit', 'ger', 'flag', 'guinea', 'sheher', 'esfp', 'heart', 'suit', 'looking']",ESFP
175,1426740084305321991,TPhm45524437,TÃº Pháº¡mğŸ,"['artist', 'palette', 'gabby', 'reveal', '8', 'raise', 'ai', 'artist', 'palette', 'full', 'creativity', 'passion', 'living', 'moment', 'artistic']",ESFP
176,1655500072799588352,minniekikiz,Ù‹,"['day', '1', 'looking', 'interactive', 'moot', 'ina', 'esfp', 'minor', 'sheher', 'looking', 'ina', 'intl', 'engene', 'moa', 'dive', 'onc']",ESFP
177,842979823345520640,choicewenbebes,lori lorena,"['finally', 'found', 'mbti', 'esfp']",ESFP
178,1618639096624156676,ACXSPADS,á…Ÿá…Ÿá…Ÿá…Ÿğ€ÍŸğ‚ğ„ ğ“ˆ’,"['useless', 'fact', 'name', 'ace', 'height', '190', 'age', '30', 'sexuality', 'sim', 'zodiac', 'sign', 'leo', 'mbti', 'esfp', 'color']",ESFP
179,1366677860333846536,_leebitzs_,yayaâ˜† â–´,"['got', 'ta', 'stop', 'mbti', 'test', 'cause', 'im', 'esfp']",ESFP
180,1630684595497697281,VANTASHIHAI,ğ”ğ”²ğ”¯ğ”¬ğ”¦ğ”¯ğ”¬ ğ”–ğ”¥ğ”¦ğ”¥ğ”ğ”¦,"['bad', 'feel', 'vibing', 'yuga', 'demeanour', 'already', 'esfp', 'although', 'change']",ESFP
181,1244888625659219968,OmegaZe37355642,Tetrahedron Dash,"['basically', 'dash', 'estp', 'im', 'esfp']",ESFP
182,1501308187919753216,pinkaurora120,ina â™¡,"['dont', 'trust', 'test', 'research', 'always', 'get', 'isfp', 'test', 'know', 'theory', 'wise', 'im', 'esfp']",ESFP
183,1656230565035773952,gxbriellee,gabi (inactive for my dear gradesğŸ¥²),"['day', '1', 'looking', 'interactive', 'moot', 'ina', 'esfp', 'minor', 'sheher', 'looking', 'ina', 'intl', 'engene', 'moa', 'dive', 'onc']",ESFP
184,1567523139764064256,rei_toka,hellgen's discord mod boyfriend,"['tbh', 'look', 'like', 'esfp', 'worst', 'tellonym', 'message', 'ive', 'received', 'far', 'congrats']",ESFP
185,1507134634903154696,voidfaiiry,angel ğŸ¦ğŸ³ï¸â€âš§ï¸,"['hello', 'im', 'devin', 'ive', 'rtc', 'want', 'get', 'make', 'interactive', 'mutuals']",ESFP
186,1406095757044711428,icedkohidesu,Laia ğŸƒ,"['kino', 'enfj', 'definitely', 'make', 'sense', 'im', 'cause', 'im', 'inxp', 'lol', 'thats', 'though']",ESFP
187,1161365451848474624,SoSyncd,So Syncd,"['another', 'syncd', 'wedding', 'wish', 'james', 'amanda', 'lifetime', 'happiness', 'together', 'glad']",ESFP
188,1402631677734686723,hangolgii,han,"['hello', 'im', 'devin', 'ive', 'rtc', 'want', 'get', 'make', 'interactive', 'mutuals']",ESFP
189,1628476621509238785,redstartz,dia â˜†,"['hello', 'im', 'devin', 'ive', 'rtc', 'want', 'get', 'make', 'interactive', 'mutuals']",ESFP
190,1251510443048226816,prksnghn_02,Hiro | Dark BloodğŸ©¸,"['day', '1', 'looking', 'interactive', 'moot', 'ina', 'esfp', 'minor', 'sheher', 'looking', 'ina', 'intl', 'engene', 'moa', 'dive', 'onc']",ESFP
191,1452531107606384642,locblue202,"LOCBLUE(ğŸŒ¸,ğŸŒ¿)(âš™ï¸) (ğŸ“½ï¸,ğŸŒ¿).bit ğŸ","['artist', 'palette', 'gabby', 'reveal', '8', 'raise', 'ai', 'artist', 'palette', 'full', 'creativity', 'passion', 'living', 'moment', 'artistic']",ESFP
192,1608882300355321856,riddleryaoi,ï¼Ÿriddler,"['ive', 'always', 'esfp', 'heart', 'mann', 'loudly', 'cry', 'face', 'exfp', 'general']",ESFP
193,1499980387401240583,chaecites,Ù‹,"['day', '1', 'looking', 'interactive', 'moot', 'ina', 'esfp', 'minor', 'sheher', 'looking', 'ina', 'intl', 'engene', 'moa', 'dive', 'onc']",ESFP
194,4053297557,twinxkidookie28,ğŸŒŸTwinstar_888ğŸŒŸ,"['babysstrawberry', 'personality', 'type', 'esfp', 'smiling', 'face', 'hearteyes', 'according', 'psychological', 'study', 'arrowdown', 'arrowdown', 'arrow', 'im']",ESFP
195,1656195795669098497,sznfleur,Ù‹,"['day', '1', 'looking', 'interactive', 'moot', 'ina', 'esfp', 'minor', 'sheher', 'looking', 'ina', 'intl', 'engene', 'moa', 'dive', 'onc']",ESFP
196,1355685901960024066,heavenlyluvsx,heavenly âœ©,"['hello', 'im', 'devin', 'ive', 'rtc', 'want', 'get', 'make', 'interactive', 'mu']",ESFP
197,1860981978,arayary1,aray ary,"['artist', 'palette', 'gabby', 'reveal', '8', 'raise', 'ai', 'artist', 'palette', 'full', 'creativity', 'passion', 'living', 'moment', 'artistic']",ESFP
198,1265814162082426881,Cryptotrojan1,Cryptotrojan.bnb | awungshi.stark | âšªâš«ğŸ,"['artist', 'palette', 'gabby', 'reveal', '8', 'raise', 'ai', 'artist', 'palette', 'full', 'creativity', 'passion', 'living', 'moment', 'artistic']",ESFP
199,1589491520327290880,sjseumg,risse ; temp ia,"['hi', 'im', 'risse', 'rizz', 'restarting', 'new', 'amp', 'looking', 'moot', 'ults', 'enha', 'amp', 'nwjns']",ESFP
200,1605386742273437696,cleasaintly,clea,"['day', '1', 'looking', 'interactive', 'moot', 'ina', 'esfp', 'minor', 'sheher', 'looking', 'ina', 'intl', 'engene', 'moa', 'dive', 'onc']",ESFP
201,1627602262133735424,ggyuontop,rai âœ¦,"['day', '1', 'looking', 'interactive', 'moot', 'ina', 'esfp', 'minor', 'sheher', 'looking', 'ina', 'intl', 'engene', 'moa']",ESFP
202,1130375863646613504,hergione,GingerğŸ¦…,"['henloo', 'disini', 'ginger', 'pisces', '19thn', 'esfp']",ESFP
203,1581046018564669440,LK33JD,Lisa K. M.,"['even', 'sure', 'emotion', 'ill', 'honest', 'think', 'good', 'im', 'complex', 'sometimes', 'would']",ESFP
204,888856138430763009,___jadeeee,mcdonaldsdrivethru69,"['many', 'test', 'longer', 'infj', 'esfp', 'neutral', 'face']",ESFP
205,1261615513916096512,ayastown,Ø¢ÙŠØ©,"['sx2', 'esfp', 'sx7']",ESFP
206,1467393776457236480,zefyrant,kazuha's flamethrower,"['hi', 'im', 'sean', 'lf', 'moot', 'herb', '04', 'liner', 'hethey', 'esfp', 'ults', 'kep', '1er', 'twice', 'newjeans', 'lsfm', 'stayc', 'aespa', 'itzy', 'nmixx', 'ive']",ESFP
207,1503849220985524224,bhenytr,Kiruaaa,"['cloud', 'ğ˜ğ˜ª', 'ğ˜¦ğ˜·ğ˜¦ğ˜³ğ˜ºğ˜°ğ˜¯ğ˜¦', 'ğ˜ğ˜®', 'ğ˜¬ğ˜¦ğ˜¦ğ˜´ğ˜©ğ˜¢', 'esfp', 'ğ˜”ğ˜ªğ˜¯ğ˜°ğ˜³', 'ğ˜¢ğ˜¨ğ˜¦', 'comet', 'prns']",ESFP
208,1550711061271130113,kgvcation,â¥ vi,"['retook', 'mbti', 'test', 'end', 'fuck', 'go', 'esfp', 'istpt']",ESFP
209,1361576503046242304,dzGkiDIidXvLnT1,Ğ¡Ñ‚Ğ°Ğ½Ğ¸ÑĞ»Ğ°Ğ²ğŸ,"['artist', 'palette', 'gabby', 'reveal', '8', 'raise', 'ai', 'artist', 'palette', 'full', 'creativity', 'passion', 'living', 'moment', 'artistic']",ESFP
210,1293103924552052736,leosmini,kah saw dream | TOLO IS COMING ğŸš¬,"['might', 'esfp', 'thing', 'face', 'hand', 'mouth']",ESFP
211,719092051178946560,xoxo2kexxin,â¸¸ì¹´ì‹ â¸¸,"['hanaoka', 'fujio', 'born', 'august', '7th', '1999', 'zodiac', 'sign', 'leo', 'mbti', 'esfp', 'enneagram', 'type', '7', 'wing', '8', 'enthusiast', 'ente']",ESFP
212,1646827330155978752,jitaklomls,andyâºÂ¹,"['omg', 'went', 'enfp', 'esfp', 'maybe', 'im', 'extrovert', 'version']",ESFP
213,1009912441084497920,fluffspikes,âœ© â€§â‚ŠËšsonicËšâ‚Šâ€§ âœ©,"['nah', 'cuz', 'going', 'esfp', 'entp', 'wildskull', 'crossbones']",ESFP
214,1161365451848474624,SoSyncd,So Syncd,"['infp', 'enfp', 'isfp', 'esfp', 'fictional', 'character', 'follow', 'see', 'movie', 'camera', 'download', 'connect']",ESFP
215,1331620633726259200,ssefnum,"Ssefnum ON, cek likes. ğŸ’š","['andinis', 'song', 'go', 'masc', 'pronoun', 'current', 'mbti', 'esfp', 'yall', 'interest', 'friend', 'drop', 'q']",ESFP
216,1331620633726259200,ssefnum,"Ssefnum ON, cek likes. ğŸ’š","['andinis', 'song', 'go', 'masc', 'pronoun', 'current', 'mbti', 'esfp', 'yall', 'interest', 'friend', 'drop', 'q']",ESFP
217,971828588281585665,yoonspinkie,ğŸ‡ big ol soft queer,"['hahahaha', 'sister', 'esfp', 'something', 'looked', 'character', 'data', 'base', 'shared', 'wi']",ESFP
218,1414576663380336642,GOROUPAWZ,charlie â˜†,"['repost', 'cuz', 'want', 'mutuals', 'looking', 'hsrgenshin', 'moot', 'eng']",ESFP
219,1600671909762449409,tokkiphone,à­¨à­§ idgaf abt daerin,"['well', 'idk', 'happened', 'end', 'full', 'typology', 'reveal', 'esfp', '628', '6w7', 'ese', 'spsx', 'sanguinemelancholic', 'lefv', 'sluan']",ESFP
220,1600671909762449409,tokkiphone,à­¨à­§ idgaf abt daerin,"['mbti', 'short', 'answer', 'esfp', 'long', 'answer', 'esfp', '6w7', '628', 'spsx', 'sanguinemelancholic', 'lefv', 'sluanampnbsp']",ESFP
221,1640654747634999296,EmpressOf1992,kayla âš”ï¸,"['kayla', 'kk', 'goose', 'cancer', 'sun', 'sagittarius', 'moon', 'virgo', 'rising', 'also', 'esfp', 'queen', 'gesticulation', 'green']",ESFP
222,3970089372,MegumiBandicot,Megumi Bandicoot,"['cloud', 'ğ˜ğ˜ª', 'ğ˜¦ğ˜·ğ˜¦ğ˜³ğ˜ºğ˜°ğ˜¯ğ˜¦', 'ğ˜ğ˜®', 'ğ˜¬ğ˜¦ğ˜¦ğ˜´ğ˜©ğ˜¢', 'esfp', 'ğ˜”ğ˜ªğ˜¯ğ˜°ğ˜³', 'ğ˜¢ğ˜¨ğ˜¦', 'comet', 'prns']",ESFP
223,1644876765746323457,zoriwonyi,â‹† à£ª . ğ˜¡ğ˜°ğ˜³ğ˜ªğ˜ª,"['cloud', 'ğ˜ğ˜ª', 'ğ˜¦ğ˜·ğ˜¦ğ˜³ğ˜ºğ˜°ğ˜¯ğ˜¦', 'ğ˜ğ˜®', 'ğ˜¬ğ˜¦ğ˜¦ğ˜´ğ˜©ğ˜¢', 'esfp', 'ğ˜”ğ˜ªğ˜¯ğ˜°ğ˜³', 'ğ˜¢ğ˜¨ğ˜¦', 'comet']",ESFP
224,994267578,hangyulr,Ù,"['second', 'question', 'mbti', 'challenge', 'esfp', 'person', 'would', 'choose', 'going', 'outside', 'stay', 'home', 'w']",ESFP
225,994267578,hangyulr,Ù,"['mbti', 'challenge', 'accepted', 'stand', 'line', 'see', 'question', 'choose', 'right', 'answer', 'based', 'ourself']",ESFP
226,1545407966848753665,lovelili__,m,"['hi', 'im', 'sean', 'lf', 'moot', 'herb', '04', 'liner', 'hethey', 'esfp', 'ults', 'kep', '1er', 'twice', 'newjeans', 'lsfm', 'stayc', 'aespa', 'itzy', 'nmixx', 'ive']",ESFP
227,1645599087641919488,hazykss,haze,"['hi', 'im', 'sean', 'lf', 'moot', 'herb', '04', 'liner', 'hethey', 'esfp', 'ults', 'kep', '1er', 'twice', 'newjeans', 'lsfm', 'stayc', 'aespa', 'itzy', 'nmixx', 'ive']",ESFP
228,1203603701732007937,Yeonjugi,JiHanSol saw Jisung Park,"['hi', 'im', 'sean', 'lf', 'moot', 'herb', '04', 'liner', 'hethey', 'esfp', 'ults', 'kep', '1er', 'twice', 'newjeans', 'lsfm', 'stayc', 'aespa', 'itzy', 'nmixx', 'ive']",ESFP
229,1655098054184431622,Aylla_stl,ayi,"['hi', 'im', 'sean', 'lf', 'moot', 'herb', '04', 'liner', 'hethey', 'esfp', 'ults', 'kep', '1er', 'twice', 'newjeans', 'lsfm', 'stayc', 'aespa', 'itzy', 'nmixx', 'ive']",ESFP
230,1482175201412407301,ayatarch1ve,ayat,"['hi', 'im', 'sean', 'lf', 'moot', 'herb', '04', 'liner', 'hethey', 'esfp', 'ults', 'kep', '1er', 'twice', 'newjeans', 'lsfm', 'stayc', 'aespa', 'itzy', 'nmixx', 'ive']",ESFP
231,1455062780931817472,pixiezites,âœ® .áŸ,"['hi', 'im', 'sean', 'lf', 'moot', 'herb', '04', 'liner', 'hethey', 'esfp', 'ults', 'kep', '1er', 'twice', 'newjeans', 'lsfm', 'stayc', 'aespa', 'itzy', 'nmixx', 'ive']",ESFP
232,1641891754226876416,xueisafish,é³•é­š | ğŸ¦‹ğŸŸğŸ’« | 3 days !!,"['repost', 'cuz', 'want', 'mutuals', 'looking', 'hsrgenshin', 'moot', 'eng']",ESFP
233,1540648991842799616,CaseyLaw_,"catman.lens(ğŸŒ¸, ğŸŒ¿)(L3, â„ï¸)ğŸ›¸( ğŸ” , â› )âš™ï¸ğŸ›¡ï¸","['artist', 'palette', 'gabby', 'reveal', '8', 'raise', 'ai', 'artist', 'palette', 'full', 'creativity', 'passion', 'living', 'moment', 'artistic']",ESFP
234,1381601020699045891,arbeimatcha,D-DAY !!,"['oops', 'surprisingly', 'im', 'esfp', 'wtfff']",ESFP
235,946051116529205248,hdyeonhua,ê½ƒ - hoa dáº¡ng niÃªn hoa,"['monsta', 'x', 'member', 'mbti', 'bear', 'isfj', 'dog', 'face', 'entj', 'hamster', 'esfp', 'turtle', 'infp', 'honeybee', 'enfp', 'cat', 'face', 'infpisfp', 'sure', 'one', 'accurate', 'f']",ESFP
236,1343832891705368576,chienohikari1,leebitknowrururuto,"['hi', 'im', 'sean', 'lf', 'moot', 'herb', '04', 'liner', 'hethey', 'esfp', 'ults', 'kep', '1er', 'twice', 'newjeans', 'lsfm', 'stayc', 'aespa', 'itzy', 'nmixx', 'ive']",ESFP
237,1453146009219964934,kaieatapple,kai/theo,"['hi', 'im', 'sean', 'lf', 'moot', 'herb', '04', 'liner', 'hethey', 'esfp', 'ults', 'kep', '1er', 'twice', 'newjeans', 'lsfm', 'stayc', 'aespa', 'itzy', 'nmixx', 'ive']",ESFP
238,1425365556513808384,lkywky,nini â˜†,"['redo', 'number', '3', 'go', 'gtlt', 'ËË‹', 'ËËŠ', 'looking', 'moot', 'á¶»', 'ğ—“', 'ğ°', 'mina', 'Ë‹Ë', 'march', 'amp']",ESFP
239,1614519547855507458,beo_mjun,ğŸ§ alve : lf moots,"['hi', 'im', 'sean', 'lf', 'moot', 'herb', '04', 'liner', 'hethey', 'esfp', 'ults', 'kep', '1er', 'twice', 'newjeans', 'lsfm', 'stayc', 'aespa', 'itzy', 'nmixx', 'ive']",ESFP
240,3118405640,Infiniti_SSB,Arcaea Propaganda I guess?,"['gale', 'archaneaisms', 'ok', 'seriously', 'though', 'one', 'strike', 'xnfp', 'tbh', 'anyway', 'al']",ESFP
241,311957775,vismitsjain,vismit | .bit | Flowx |MantleSwap| SuiFrens AI,"['artist', 'palette', 'gabby', 'reveal', '8', 'raise', 'ai', 'artist', 'palette', 'full', 'creativity', 'passion', 'living', 'moment', 'artistic']",ESFP
242,695105251687272448,dogexen,ÃXEN | Suiswap | FusionX Finance | NemoSwap ğŸ,"['artist', 'palette', 'gabby', 'reveal', '8', 'raise', 'ai', 'artist', 'palette', 'full', 'creativity', 'passion', 'living', 'moment', 'artistic']",ESFP
243,1583390355872890880,cjfr_ncb1,"hanbin, the shining star (â â—â â€¢â á´—â â€¢â â—â )â âœ§â *â ã€‚","['hi', 'im', 'sean', 'lf', 'moot', 'herb', '04', 'liner', 'hethey', 'esfp', 'ults', 'kep', '1er', 'twice', 'newjeans', 'lsfm', 'stayc', 'aespa', 'itzy', 'nmixx', 'ive']",ESFP
244,1628186358215766017,serrraphine,kj â˜»,"['mine', 'either', 'esfp', 'enfp', 'always', 'get', 'n', 'split', 'result', 'loudly', 'cry', 'face']",ESFP
245,931693737054371840,gnl2109,gnl2109.blockchainğŸgnl2109.bnbğŸŒŠğŸ“˜ğŸŒğŸ¤–ğŸ›¸| YouSUI,"['artist', 'palette', 'gabby', 'reveal', '8', 'raise', 'ai', 'artist', 'palette', 'full', 'creativity', 'passion', 'living', 'moment', 'artistic']",ESFP
246,1649213945977409536,i98jng,su â˜…â˜…â˜…â˜…â˜…,"['hi', 'im', 'sean', 'lf', 'moot', 'herb', '04', 'liner', 'hethey', 'esfp', 'ults', 'kep', '1er', 'twice', 'newjeans', 'lsfm', 'stayc', 'aespa', 'itzy', 'nmixx', 'ive']",ESFP
247,1221831726881742857,lezzyron,rosie ğ“¢Ö´à»‹ğŸ’¥âš¢,"['basic', 'áµ•', 'march', '1', '1980', 'hehim', 'bisexual', 'gryffindor', 'pureblood', 'pisces', 'virgo', 'cancer', 'esfp', 'extraverted']",ESFP
248,1377352538152960000,daisy6s,MEG â˜…,"['basic', 'áµ•', 'march', '1', '1980', 'hehim', 'bisexual', 'gryffindor', 'pureblood', 'pisces', 'virgo', 'cancer', 'esfp', 'ext']",ESFP
249,1361804918407979016,kestiscals,wika,"['hi', 'á´—', 'new', 'woman', 'hat', '14', 'sheher', 'esfp', 'think', 'like', 'music', 'jewelry', 'clothing', 'anime', 'dni', 'non', 'edtwt', 'r']",ESFP
250,1633063373456969729,xeardy,xear !!! KAFKA WANTER ğŸŒ±,"['repost', 'cuz', 'want', 'mutuals', 'looking', 'hsrgenshin', 'moot', 'eng']",ESFP
251,1652903973366681602,4jkeyjj,saby â™¡,"['hi', 'im', 'sean', 'lf', 'moot', 'herb', '04', 'liner', 'hethey', 'esfp', 'ults', 'kep', '1er', 'twice', 'newjeans', 'lsfm', 'stayc', 'aespa', 'itzy', 'nmixx', 'ive']",ESFP
252,1571183965142228993,manifestluvv,ã‚¬ãƒ“,"['looking', 'interactive', 'rox', 'sheher', 'esfp', 'multistan', 'looking', 'engene', 'amp', 'fearnot', 'moot', 'fandom']",ESFP
253,1579237818924236800,rickycarioca,â½ miih ! âœ¹ RICKY FROM ZB1,"['hi', 'im', 'sean', 'lf', 'moot', 'herb', '04', 'liner', 'hethey', 'esfp', 'ults', 'kep', '1er', 'twice', 'newjeans', 'lsfm', 'stayc', 'aespa', 'itzy', 'nmixx', 'ive']",ESFP
254,1495539776576901120,unwavringheart,aster,"['would', 'want', 'someone', 'esfp', 'isfp']",ESFP
255,1478662022669737989,moaismee,The Mimi âœ¢ğŸ¦Š Chapter,"['hi', 'im', 'sean', 'lf', 'moot', 'herb', '04', 'liner', 'hethey', 'esfp', 'ults', 'kep', '1er', 'twice', 'newjeans', 'lsfm', 'stayc', 'aespa', 'itzy', 'nmixx', 'ive']",ESFP
256,766989275699314689,smalltalkhood,rob,"['esfp', 'bias', 'chan', 'wrecker', 'r', 'han', 'lino', 'changbin', 'amp', 'idk', 'u', 'wan', 'na', 'know', 'still', 'saw', 'comment', 'ab', 'sign', 'thats', 'aries']",ESFP
257,1570329400587210753,lhdbmns,âœ©Â°ï½¡ eli â·,"['hi', 'im', 'sean', 'lf', 'moot', 'herb', '04', 'liner', 'hethey', 'esfp', 'ults', 'kep', '1er', 'twice', 'newjeans', 'lsfm', 'stayc', 'aespa', 'itzy', 'nmixx', 'ive']",ESFP
258,1599762894052278273,drmsheadline,kat/ash ê•¤*.,"['hi', 'im', 'sean', 'lf', 'moot', 'herb', '04', 'liner', 'hethey', 'esfp', 'ults', 'kep', '1er', 'twice', 'newjeans', 'lsfm', 'stayc', 'aespa', 'itzy', 'nmixx', 'ive']",ESFP
259,1645705739569332224,verh4ns,tai,"['changed', 'esfp', 'bye']",ESFP
260,1417546008272117760,CuteBabyBear3,Jo || TXT_SweetğŸ’—,"['hi', 'im', 'sean', 'lf', 'moot', 'herb', '04', 'liner', 'hethey', 'esfp', 'ults', 'kep', '1er', 'twice', 'newjeans', 'lsfm', 'stayc', 'aespa', 'itzy', 'nmixx', 'ive']",ESFP
261,1555427982285619201,lov3d_y0u_be,kariâ˜†,"['hi', 'im', 'sean', 'lf', 'moot', 'herb', '04', 'liner', 'hethey', 'esfp', 'ults', 'kep', '1er', 'twice', 'newjeans', 'lsfm', 'stayc', 'aespa', 'itzy', 'nmixx', 'ive']",ESFP
262,1239015393869459456,gaonmylove_,â€§Í™âºËš*ï½¥à¼“â˜¾ Jax â˜½à¼“ï½¥*Ëšâºâ€§Í™ || possibly seeing p1h !!,"['hi', 'im', 'sean', 'lf', 'moot', 'herb', '04', 'liner', 'hethey', 'esfp', 'ults', 'kep', '1er', 'twice', 'newjeans', 'lsfm', 'stayc', 'aespa', 'itzy', 'nmixx', 'ive']",ESFP
263,1228309796627124224,4nge_lovsun,Ange ğŸ€ DARK BLâ˜¾â˜½D SOON,"['looking', 'interactive', 'rox', 'sheher', 'esfp', 'multistan', 'looking', 'engene', 'amp', 'fearnot', 'moot', 'fandom']",ESFP
264,1570836058400751616,madie_thami,madcha ğŸˆâ€â¬›,"['esfp', 'lmao']",ESFP
265,1649339070433357824,loonaesvt,axel Ã¦spicy,"['hi', 'im', 'sean', 'lf', 'moot', 'herb', '04', 'liner', 'hethey', 'esfp', 'ults', 'kep', '1er', 'twice', 'newjeans', 'lsfm', 'stayc', 'aespa', 'itzy', 'nmixx', 'ive']",ESFP
266,1492195218619514880,channieshadow,chris wifey â˜†âµ,"['hi', 'im', 'sean', 'lf', 'moot', 'herb', '04', 'liner', 'hethey', 'esfp', 'ults', 'kep', '1er', 'twice', 'newjeans', 'lsfm', 'stayc', 'aespa', 'itzy', 'nmixx', 'ive']",ESFP
267,1649875957233209351,hyukabfs,cat misses txt :(,"['hi', 'im', 'sean', 'lf', 'moot', 'herb', '04', 'liner', 'hethey', 'esfp', 'ults', 'kep', '1er', 'twice', 'newjeans', 'lsfm', 'stayc', 'aespa', 'itzy', 'nmixx', 'ive']",ESFP
268,1644180598989414400,gelskyace,shan | ia,"['hi', 'im', 'sean', 'lf', 'moot', 'herb', '04', 'liner', 'hethey', 'esfp', 'ults', 'kep', '1er', 'twice', 'newjeans', 'lsfm', 'stayc', 'aespa', 'itzy', 'nmixx', 'ive']",ESFP
269,1091354202218078208,FAlRYT4LEs,âœµâ˜½ Joo Ã  son prime,"['looking', 'interactive', 'rox', 'sheher', 'esfp', 'multistan', 'looking', 'engene', 'amp', 'fearnot', 'moot', 'fandom']",ESFP
270,1556767594442539009,strwhoon,hk â¨¾,"['looking', 'interactive', 'rox', 'sheher', 'esfp', 'multistan', 'looking', 'engene', 'amp', 'fearnot', 'moot', 'fandom']",ESFP
271,1472955195541893121,ghl_aly,ğ“ğ“µğ”‚ğ“¼ğ“¼ğ“ª | Dark Blood â˜†â˜†â˜†â˜†â˜†,"['looking', 'interactive', 'rox', 'sheher', 'esfp', 'multistan', 'looking', 'engene', 'amp', 'fearnot', 'moot', 'fandom']",ESFP
272,1528364949793394688,NKSHIMS,ÙŒ,"['looking', 'interactive', 'rox', 'sheher', 'esfp', 'multistan', 'looking', 'engene', 'amp', 'fearnot', 'moot', 'fandom']",ESFP
273,1543901413516132353,YAWNZLVRR,á´„Êœá´€ ğŸ•Šï¸,"['looking', 'interactive', 'rox', 'sheher', 'esfp', 'multistan', 'looking', 'engene', 'amp', 'fearnot', 'moot', 'fandom']",ESFP
274,1248032899179429889,LILW0N1E,ÙŒ,"['looking', 'interactive', 'rox', 'sheher', 'esfp', 'multistan', 'looking', 'engene', 'amp', 'fearnot', 'moot', 'fandom']",ESFP
275,1509151720978501635,JWSHIMS,â˜…,"['looking', 'interactive', 'rox', 'sheher', 'esfp', 'multistan', 'looking', 'engene', 'amp', 'fearnot', 'moot']",ESFP
276,1641787390426771459,erleysem,rich,"['hi', 'im', 'sean', 'lf', 'moot', 'herb', '04', 'liner', 'hethey', 'esfp', 'ults', 'kep', '1er', 'twice', 'newjeans', 'lsfm', 'stayc', 'aespa', 'itzy', 'nmixx', 'ive']",ESFP
277,1337615137973256192,matryosshkka,aira. â˜†ï¸âµ,"['hi', 'im', 'sean', 'lf', 'moot', 'herb', '04', 'liner', 'hethey', 'esfp', 'ults', 'kep', '1er', 'twice', 'newjeans', 'lsfm', 'stayc', 'aespa', 'itzy', 'nmixx', 'ive']",ESFP
278,1651305339365490696,VViiKT0R,â˜€ï¸ViKA !â˜€ï¸ â€¢ edtwt,"['hi', 'á´—', 'new', 'woman', 'hat', '14', 'sheher', 'esfp', 'think', 'like', 'music', 'jewelry', 'clothing', 'anime', 'dni', 'non', 'edtwt', 'r']",ESFP
279,1655590828507639808,OKEOKEOKKLALALA,bye,"['repost', 'cuz', 'want', 'mutuals', 'looking', 'hsrgenshin', 'moot', 'eng']",ESFP
280,1286329982004887555,ksnnoot,Ù‹kei,"['hi', 'im', 'sean', 'lf', 'moot', 'herb', '04', 'liner', 'hethey', 'esfp', 'ults', 'kep', '1er', 'twice', 'newjeans', 'lsfm', 'stayc', 'aespa', 'itzy', 'nmixx', 'ive']",ESFP
281,1261031941433733121,14archimedes,Leno :D,"['repost', 'cuz', 'want', 'mutuals', 'looking', 'hsrgenshin', 'moot', 'eng']",ESFP
282,1210252070462341121,jpgwvil,mars ğŸ¹,"['hi', 'im', 'sean', 'lf', 'moot', 'herb', '04', 'liner', 'hethey', 'esfp', 'ults', 'kep', '1er', 'twice', 'newjeans', 'lsfm', 'stayc', 'aespa', 'itzy', 'nmixx', 'ive']",ESFP
283,1604910403896705028,85_0q,â€¹ğŸ¹,"['hi', 'im', 'sean', 'lf', 'moot', 'herb', '04', 'liner', 'hethey', 'esfp', 'ults', 'kep', '1er', 'twice', 'newjeans', 'lsfm', 'stayc', 'aespa', 'itzy', 'nmixx', 'ive']",ESFP
284,1485309633132908547,monowarmantra,Md Monowar | SuiPad | Avive Citizen,"['artist', 'palette', 'gabby', 'reveal', '8', 'raise', 'ai', 'artist', 'palette', 'full', 'creativity', 'passion', 'living', 'moment', 'artistic']",ESFP
285,1407080458278559748,jglowpinks,ğ¬ğ­ğğ¥ğ¥ğš ğŸ§,"['hi', 'im', 'sean', 'lf', 'moot', 'herb', '04', 'liner', 'hethey', 'esfp', 'ults', 'kep', '1er', 'twice', 'newjeans', 'lsfm', 'stayc', 'aespa', 'itzy', 'nmixx', 'ive']",ESFP
286,1644670883448123392,prkyona,yona,"['hi', 'im', 'sean', 'lf', 'moot', 'herb', '04', 'liner', 'hethey', 'esfp', 'ults', 'kep', '1er', 'twice', 'newjeans', 'lsfm', 'stayc', 'aespa', 'itzy', 'nmixx', 'ive']",ESFP
287,1503301373021995014,qlueemy,bea ğŸ«,"['repost', 'cuz', 'want', 'mutuals', 'looking', 'hsrgenshin', 'moot', 'eng']",ESFP
288,1647917917592494082,httpszyraa,Zyra,"['hi', 'im', 'sean', 'lf', 'moot', 'herb', '04', 'liner', 'hethey', 'esfp', 'ults', 'kep', '1er', 'twice', 'newjeans', 'lsfm', 'stayc', 'aespa', 'itzy', 'nmixx', 'ive']",ESFP
289,1647219004455493632,darialuvsfelix,daria â˜…âµ,"['hi', 'im', 'sean', 'lf', 'moot', 'herb', '04', 'liner', 'hethey', 'esfp', 'ults', 'kep', '1er', 'twice', 'newjeans', 'lsfm', 'stayc', 'aespa', 'itzy', 'nmixx', 'ive']",ESFP
290,1443227118314262531,i4L1Z,lore âœ©,"['hi', 'im', 'sean', 'lf', 'moot', 'herb', '04', 'liner', 'hethey', 'esfp', 'ults', 'kep', '1er', 'twice', 'newjeans', 'lsfm', 'stayc', 'aespa', 'itzy', 'nmixx', 'ive']",ESFP
291,1468573930630021121,YJsdalin,Ulap | if moots check ğŸ“Œ,"['hi', 'im', 'sean', 'lf', 'moot', 'herb', '04', 'liner', 'hethey', 'esfp', 'ults', 'kep', '1er', 'twice', 'newjeans', 'lsfm', 'stayc', 'aespa', 'itzy', 'nmixx', 'ive']",ESFP
292,1537018752579293184,Samira1vy,â€¢ Samira â€¢,"['hi', 'im', 'sean', 'lf', 'moot', 'herb', '04', 'liner', 'hethey', 'esfp', 'ults', 'kep', '1er', 'twice', 'newjeans', 'lsfm', 'stayc', 'aespa', 'itzy', 'nmixx', 'ive']",ESFP
293,1607189850796572672,wonbyuls,kay,"['zhanghao', 'cuz', 'im', 'esfp', 'he', 'isfp']",ESFP
294,1564369886037647361,messyoongi_s,^LyrağŸ‘¾â€¢^ MY WORLD!!!,"['hi', 'im', 'sean', 'lf', 'moot', 'herb', '04', 'liner', 'hethey', 'esfp', 'ults', 'kep', '1er', 'twice', 'newjeans', 'lsfm', 'stayc', 'aespa', 'itzy', 'nmixx', 'ive']",ESFP
295,1646034980697698309,youngnyeongsuuu,nyyy || binigyan ng paper flowers,"['hi', 'im', 'sean', 'lf', 'moot', 'herb', '04', 'liner', 'hethey', 'esfp', 'ults', 'kep', '1er', 'twice', 'newjeans', 'lsfm', 'stayc', 'aespa', 'itzy', 'nmixx', 'ive']",ESFP
296,1589563687702069250,leyknxws,Ley Know â˜…âµ birth monthâ—ï¸,"['esfp', 'changbinlee', 'knowwinking', 'face', 'tongue']",ESFP
297,1590489911928446980,huijunsbf,felix à«®ãƒ»ï»Œãƒ»áƒ,"['hi', 'im', 'sean', 'lf', 'moot', 'herb', '04', 'liner', 'hethey', 'esfp', 'ults', 'kep', '1er', 'twice', 'newjeans', 'lsfm', 'stayc', 'aespa', 'itzy', 'nmixx', 'ive']",ESFP
298,1655493133000650753,dearu0304,star,"['hi', 'im', 'sean', 'lf', 'moot', 'herb', '04', 'liner', 'hethey', 'esfp', 'ults', 'kep', '1er', 'twice', 'newjeans', 'lsfm', 'stayc', 'aespa', 'itzy', 'nmixx', 'ive']",ESFP
299,1638554927558696961,jooyeonation,alfi â›“ï¸,"['mine', 'esfp', 'bias', 'chan']",ESFP
300,1605177622727692288,misamotruther,mars âœ§ #UNLOCKMYWORLD,"['hi', 'im', 'sean', 'lf', 'moot', 'herb', '04', 'liner', 'hethey', 'esfp', 'ults', 'kep', '1er', 'twice', 'newjeans', 'lsfm', 'stayc', 'aespa', 'itzy', 'nmixx', 'ive']",ESFP
301,1334025574319177730,Mirabelfan1_,28 days until birthday ğŸ‰ğŸ¥³,"['looking', 'interactive', 'moot', 'à«®áµœáƒ', 'love', 'watching', 'anime', 'playing', 'video', 'game', 'game', 'play']",ESFP
302,1330984165655851008,laurafunnyasl,ğ“›. | 86 days !! |looking for moots,"['hi', 'im', 'sean', 'lf', 'moot', 'herb', '04', 'liner', 'hethey', 'esfp', 'ults', 'kep', '1er', 'twice', 'newjeans', 'lsfm', 'stayc', 'aespa', 'itzy', 'nmixx', 'ive']",ESFP
303,1588599953881907200,povmyka,M ğŸ¦– philosopher stoned,"['pls', 'infpt', 'esfp', 'pipeline', 'real']",ESFP
304,1588599953881907200,povmyka,M ğŸ¦– philosopher stoned,"['miss', 'people', 'esfp', 'begging', 'let', 'go', 'reconnect', 'sad', 'drained', 'bi']",ESFP
305,1433619756557357058,jeonghyonation,itâ€™s joever,"['maybe', 'jihyo', 'wasnt', 'lying', 'extroverted', 'omg', 'guy', 'think', 'really', 'esfp']",ESFP
306,1392905921668472834,loveidolzs,yao ï¸ ï¸ (ã‚ã€‚âˆ‚)ã£ ï¸ ï¸ ï¸ ï¸ ï¸ ï¸ ï¸ ï¸,"['repost', 'cuz', 'want', 'mutuals', 'looking', 'hsrgenshin', 'moot', 'eng']",ESFP
307,1653040801591734275,ttokishii,â˜ï¸ check pin twt! (updating),"['hi', 'im', 'sean', 'lf', 'moot', 'herb', '04', 'liner', 'hethey', 'esfp', 'ults', 'kep', '1er', 'twice', 'newjeans', 'lsfm', 'stayc', 'aespa', 'itzy', 'nmixx', 'ive']",ESFP
308,3970089372,MegumiBandicot,Megumi Bandicoot,"['repost', 'cuz', 'want', 'mutuals', 'looking', 'hsrgenshin', 'moot', 'eng']",ESFP
309,1655277198411018240,xxxike07,ike â˜† || semi ia,"['repost', 'cuz', 'want', 'mutuals', 'looking', 'hsrgenshin', 'moot', 'eng']",ESFP
310,1545940327,DrQamarulHassan,Dr M Qamarul Hassan,"['esfp', 'personality', 'type', 'esfp', 'stand', 'esfp', 'esfp', 'value', 'amp', 'motivation', 'video']",ESFP
311,1629065734998609920,keokqi,â˜… KEIO | ON BREAK â€¼ï¸,"['repost', 'cuz', 'want', 'mutuals', 'looking', 'hsrgenshin', 'moot', 'eng']",ESFP
312,1230277399532711938,IuffyIuvr,Iux â˜…,"['mbti', 'isnt', 'real', 'going', 'insane', 'bc', 'cant', 'talk', 'im', 'esfp']",ESFP
313,1590915125287985153,haoyyuu,venus | saw n misses yoongi :(,"['repost', 'cuz', 'want', 'mutuals', 'looking', 'hsrgenshin', 'moot', 'eng']",ESFP
314,1623987509243056130,querellea,relleaâŠ™â Ï‰â âŠ™!!!,"['repost', 'cuz', 'want', 'mutuals', 'looking', 'hsrgenshin', 'moot', 'eng']",ESFP
315,1240225114089607168,Gfs_Ninja4,AmitManna.EthğŸ¤¡,"['artist', 'palette', 'gabby', 'reveal', '8', 'raise', 'ai', 'artist', 'palette', 'full', 'creativity', 'passion', 'living', 'moment', 'artistic']",ESFP
316,1628777051736969219,makocroft,mako â˜…,"['repost', 'cuz', 'want', 'mutuals', 'looking', 'hsrgenshin', 'moot']",ESFP
317,901640216070508544,EdgarChihua18,Edgar .,"['hi', 'im', 'sean', 'lf', 'moot', 'herb', '04', 'liner', 'hethey', 'esfp', 'ults', 'kep', '1er', 'twice', 'newjeans', 'lsfm', 'stayc', 'aespa', 'itzy', 'nmixx', 'ive']",ESFP
318,1499184231867731971,whyeseo,mary,"['hi', 'im', 'sean', 'lf', 'moot', 'herb', '04', 'liner', 'hethey', 'esfp', 'ults', 'kep', '1er', 'twice', 'newjeans', 'lsfm', 'stayc', 'aespa', 'itzy', 'nmixx', 'ive']",ESFP
319,1434723361402200070,dees8i5,dee â˜…â˜…â˜…â˜…â˜… SPICY,"['hi', 'im', 'sean', 'lf', 'moot', 'herb', '04', 'liner', 'hethey', 'esfp', 'ults', 'kep', '1er', 'twice', 'newjeans', 'lsfm', 'stayc', 'aespa', 'itzy', 'nmixx', 'ive']",ESFP
320,1654667469821472768,ningztwt,isha,"['hi', 'im', 'sean', 'lf', 'moot', 'herb', '04', 'liner', 'hethey', 'esfp', 'ults', 'kep', '1er', 'twice', 'newjeans', 'lsfm', 'stayc', 'aespa', 'itzy', 'nmixx', 'ive']",ESFP
321,1645495604901027866,lvlykaru,cammy ğŸŒ¼,"['hi', 'im', 'sean', 'lf', 'moot', 'herb', '04', 'liner', 'hethey', 'esfp', 'ults', 'kep', '1er', 'twice', 'newjeans', 'lsfm', 'stayc', 'aespa', 'itzy', 'nmixx', 'ive']",ESFP
322,1637526437933481994,IOVEDYN,sean Â¡! is meeting dayeon,"['hi', 'im', 'sean', 'lf', 'moot', 'herb', '04', 'liner', 'hethey', 'esfp', 'ults', 'kep', '1er', 'twice', 'newjeans', 'lsfm', 'stayc', 'aespa', 'itzy', 'n']",ESFP
323,1330358447947345923,nningslayer,à«® Ë¶áµ” áµ• áµ”Ë¶ áƒ,"['ngl', 'pretty', 'popular', 'back', 'pandemic', 'camei', 'couldnt', 'jpjp', 'anymore', 'pujasskullloudly', 'cry', 'face', 'esfp', 'as', 'real']",ESFP
324,1615108858036330533,beidousb,euniceğŸ‡³ğŸ‡µ,"['looking', 'hsr', 'moot', 'eng', '17', 'esfp', 'double', 'exclamation', 'mark', 'hehimtheythem', 'tbl', '37', 'glowing', 'star', 'sampo', 'main']",ESFP
325,1501308187919753216,pinkaurora120,ina â™¡,"['true', 'smiling', 'face', 'horn', 'esfp']",ESFP
326,1449372552405524491,pkscsk,Simple Boy,"['artist', 'palette', 'gabby', 'reveal', '8', 'raise', 'ai', 'artist', 'palette', 'full', 'creativity', 'passion', 'living', 'moment', 'artistic']",ESFP
327,1309614070983688192,kryptonography,lilah â˜½â˜¾,"['look', 'hope', 'itll', 'say', 'esfp', 'strongly', 'disagree']",ESFP
328,1470684512921141251,yippuichu,plant.bnb,"['artist', 'palette', 'gabby', 'reveal', '8', 'raise', 'ai', 'artist', 'palette', 'full', 'creativity', 'passion', 'living', 'moment', 'artistic']",ESFP
329,3970089372,MegumiBandicot,Megumi Bandicoot,"['redo', 'number', '3', 'go', 'gtlt', 'ËË‹', 'ËËŠ', 'looking', 'moot', 'á¶»', 'ğ—“', 'ğ°', 'mina', 'Ë‹Ë', 'march', 'amp']",ESFP
330,1426176658067894282,rainbowtopings,Minaâœ©Â°ï½¡ğŸŠ,"['redo', 'number', '3', 'go', 'gtlt', 'ËË‹', 'ËËŠ', 'looking', 'moot', 'á¶»', 'ğ—“', 'ğ°', 'mina', 'Ë‹Ë', 'march']",ESFP
331,1640637731859726337,tunaomi_,papermint ğŸ¬,"['hii', 'im', 'new', 'looking', 'moot', 'gt', 'heart', '15', '4th', 'year', 'jhs']",ESFP
332,1354089428646416385,pppowfu,tasha,"['like', 'let', 'fr', 'enfp', 'anxious', 'esfp']",ESFP
333,892490446135476224,mushioguri,LEO (ï½¡â€¢Ì€á´—-)âœ§ #1 sigzai defender,"['esfp', 'good', 'like']",ESFP
334,1311496412333449228,T_Player123,Player Dumbass ğŸ¡,"['looking', 'interactive', 'moot', 'à«®áµœáƒ', 'love', 'watching', 'anime', 'playing', 'video', 'game', 'game', 'play']",ESFP
335,1572831688543318017,AverageSelena,Selenurr Â¿ Follows back,"['looking', 'interactive', 'moot', 'à«®áµœáƒ', 'love', 'watching', 'anime', 'playing', 'video', 'game', 'game', 'p']",ESFP
336,261153360,PEDROSQR,pedro,"['enfp', 'esfp', 'first', 'circa', '2017']",ESFP
337,1412796052965445633,Meg13555381,seungmo.lixâ˜…âµ,"['well', 'right', 'personality', 'much', 'alike', 'even', 'mbti', 'tiny', 'difference', 'misae']",ESFP
338,4184926641,asemtipovedal,julia ğŸƒ | LOVE FOR JOKER OUT | 39,"['already', 'covered', 'jo', 'somewhere', 'anyways', 'bojan', 'esfp', 'kris', 'entj', 'jan', 'isfp', 'jure', 'enfp', 'nace', 'infj', 'brunette', 'enfj', 'sudde']",ESFP
339,96147145,monradamn,MGğŸ¦­âœ¨,"['wangchang', 'said', 'mbit', 'probably', 'esfp', 'doesnt', 'remember']",ESFP
340,1273349940723490816,gcfkitten,miss beehavior,"['ask', 'like', 'try', 'describe', 'ideal', 'type', 'nice', 'esfp', 'sx8sx4', 'gender', 'doesnt', 'matt']",ESFP
341,1401940528246177804,0x0786,John Abruzi ğŸš¢ ğŸ‚ ğŸŒ±ğŸŒğŸ›¸ | Suiswap,"['artist', 'palette', 'gabby', 'reveal', '8', 'raise', 'ai', 'artist', 'palette', 'full', 'creativity', 'passion', 'living', 'moment', 'artistic']",ESFP
342,1174742792897269761,mortezajoon5,"morva.lens(ğŸŒ¸, ğŸŒ¿)ğŸ›¸mytrust.nft","['artist', 'palette', 'gabby', 'reveal', '8', 'raise', 'ai', 'artist', 'palette', 'full', 'creativity', 'passion', 'living', 'moment', 'artistic']",ESFP
343,1269954958226526214,Jignesh14327542,"SuiFrens AI""| SuiSwap.! ğŸ›¸âšªâš«ğŸ","['artist', 'palette', 'gabby', 'reveal', '8', 'raise', 'ai', 'artist', 'palette', 'full', 'creativity', 'passion', 'living', 'moment', 'artistic']",ESFP
344,1351970074257666050,KriptVal,KriptValğŸï¸ğŸï¸ğŸï¸ğŸï¸ğŸï¸ğŸï¸,"['artist', 'palette', 'gabby', 'reveal', '8', 'raise', 'ai', 'artist', 'palette', 'full', 'creativity', 'passion', 'living', 'moment', 'artistic']",ESFP
345,173926473,BLenjoyer1,Aki/Jen | semi-hiatus | TMS brainrot,"['also', 'see', 'camera', 'doesnt', 'mean', 'see', 'true', 'self', 'point', 'camera']",ESFP
346,13715922,neeraji2it,Imperishable ğŸ ğŸ›¸ | Avive Citizen | MantleSwap,"['artist', 'palette', 'gabby', 'reveal', '8', 'raise', 'ai', 'artist', 'palette', 'full', 'creativity', 'passion', 'living', 'moment', 'artistic']",ESFP
347,1567591960780718081,Flooptii,luck (blade? edition),"['mine', 'swap', 'every', 'year', 'infp', 'esfp', 'intp', 'think', 'last', 'one', 'istj']",ESFP
348,262795624,PersonalityHack,Personality Hacker,"['full', 'ep', '474', 'setting', 'example', 'leader', 'important']",ESFP
349,861318274918821889,ellerbrinn,yenna. ğŸ˜ˆ JUNHAN STAN ACC.,"['ily', 'dimiii', 'light', 'skin', 'tonelight', 'skin', 'tone', 'quick', 'tell', 'true', 'eye']",ESFP
350,1419381540077899783,ScrapFighter,SCRAP Fighter,"['havevthis', 'book', 'indicated', 'given', 'im', 'esfp', 'personality', 'perfect', 'fit', 'career', 'choice', 'plu']",ESFP
351,1161365451848474624,SoSyncd,So Syncd,"['compatible', 'entps', 'infjs', 'follow', 'see', 'next', 'pairing', 'blue', 'heart', 'join', 'today', 'meet', 'p']",ESFP
352,1534738573815324673,choegyeonglyeol,ìµœê²½ë ¬ I YouSUI ğŸ ğŸ”…,"['artist', 'palette', 'gabby', 'reveal', '8', 'raise', 'ai', 'artist', 'palette', 'full', 'creativity', 'passion', 'living', 'moment', 'artistic']",ESFP
353,1466431662,arieseIIa,â˜†ries,"['kalo', 'menurut', 'aku', 'kak', 'jojo', 'condong', 'ke', 'enfp', 'sih', 'kaya', 'point', 'mood', 'making', 'one', 'job', 'full', 'emo']",ESFP
354,1331620633726259200,ssefnum,"Ssefnum ON, cek likes. ğŸ’š","['rl', 'hello', 'im', 'mission', 'seeking', 'bunch', 'new', 'pal', 'little', 'information', 'esfp', 'go', 'shethey']",ESFP
355,1528980920262242304,zhanghaocunt,moved,"['first', 'stanned', 'twice', '2018201', '9', 'mbti', 'esfp']",ESFP
356,1443474666283159554,DaniellMoe,Bluey (Heavy Hiatus),"['mbti', 'doodlessparkles']",ESFP
357,895849370704166912,INS913DEVIL,devilyt.bnb,"['artist', 'palette', 'gabby', 'reveal', '8', 'raise', 'ai', 'artist', 'palette', 'full', 'creativity', 'passion', 'living', 'moment', 'artistic']",ESFP
358,3391951978,aderibi01974063,PrincessbadeğŸŒŠğŸ“˜(44.4%)#MintSquareâšªâš«,"['artist', 'palette', 'gabby', 'reveal', '8', 'raise', 'ai', 'artist', 'palette', 'full', 'creativity', 'passion', 'living', 'moment', 'artistic']",ESFP
359,1585186847671562240,ctgDao,Ctgdao,"['artist', 'palette', 'gabby', 'reveal', '8', 'raise', 'ai', 'artist', 'palette', 'full', 'creativity', 'passion', 'living', 'moment', 'artistic']",ESFP
360,1382715313523855361,Abhishe81415665,seniorcare.bnbğŸ | Suiswap,"['artist', 'palette', 'gabby', 'reveal', '8', 'raise', 'ai', 'artist', 'palette', 'full', 'creativity', 'passion', 'living', 'moment', 'artistic']",ESFP
