,user_id,user_screen_name,user_name,text,personality_type
0,1476221448301781004,iCatHirano,tommy,"add ur mbti and put 4 characters that have the same mbti: ESFP

acho uma mentira o sasaki ser esfpâ€¦ https://t.co/5g20MZQBVe",ESFP
1,1331620633726259200,ssefnum,"Ssefnum ON, cek likes. ğŸ’š",I'm attempting to gain a lot of new comrades. Here's I shout out my bestowing warmest regards as a start. I go by hâ€¦ https://t.co/gRELCVnqFf,ESFP
2,1413989205890457601,HIRA_SHIZU,ğ“ğ‡ğ„ğ˜ ğ‚ğ€ğ‹ğ‹ ğŒğ„ ğ‡ğˆğ‘ğ€ ğ’‰­,@noandany I only have esfp and infp friends and I really want to have entj and intp friends (specially intps),ESFP
3,1389755533469515776,neworderslut,Steven The SecondğŸ”ğŸ¶,im an esfp what does that mean,ESFP
4,2297770533,esfp_7,ğŸ•¯ï¸,"â€œIf youâ€™re going through hell, keep going â€œ",ESFP
5,1011100897315733504,mbtitime,MJ â˜» Jungian Onion,"Â¯\_(ãƒ„)_/Â¯ do you:
a. forgive 
b. forget 
c. cut off 
d. depends ?

#16personalities #mbtimemes #personality #INFPâ€¦ https://t.co/QkxMAm5VEF",ESFP
6,1499123808514494465,luvrplu,pluto â™¡ caitlin ğŸ§ cae day !,"RT @ilovemongmong: hii, I'm rinn ! â™¡ I'm currently looking for interactive moots. Any fandom will do !
 
#stantwt #kpoptwt
About my me..
--â€¦",ESFP
7,828670856956100612,inkedinoir,lyra,"RT @gIasscherries: â €
       mikaela langdon. 
       twenty-five. british. esfp.
       capricorn. bisexual. https://t.co/SpNPZDfDvR 
â € httâ€¦",ESFP
8,1419078670283460610,buddycaratnaV,"qisğŸ¤Ÿ loves umji, jay & joshua","@YumOnigiri but i tried soulmate mbti partner using kstone, i got esfp as my partner ğŸ˜šğŸ˜š so we still have a chance ğŸ˜™ğŸ˜™",ESFP
9,1267453848311853056,YumOnigiri,belle | A proud JaystarğŸŒŸ but loving zb1,"@buddycaratnaV Esfp, every my enfp oomfies are disaster with me",ESFP
10,1331348780864696322,sangokakutrees,sitara hates thua !! ğŸŒº,"esfp - out of all 8 cognitive functions, here are your top 4 strongest !! https://t.co/vfl2ABiLL1",ESFP
11,1267453848311853056,YumOnigiri,belle | A proud JaystarğŸŒŸ but loving zb1,@wintersprinkle @nelenelifee98 The world hates esfp i guess bye world nice knowing you,ESFP
12,880952849860919296,monoceali,pin,"Add your MBTI and put 4 characters that have the same type

I'm ESFP https://t.co/lijoXVGkkK https://t.co/ZC9hcmfAMN",ESFP
13,1162750642185576451,eu3yu,âœ˜,"add ur mbti and put 4 characters that have the same mbti:

Im an esfp https://t.co/Clei23eZsG https://t.co/5ps5AliK5M",ESFP
14,1491614777268834306,svcellie,Ø˜Ø˜,"RT @ilovemongmong: hii, I'm rinn ! â™¡ I'm currently looking for interactive moots. Any fandom will do !
 
#stantwt #kpoptwt
About my me..
--â€¦",ESFP
15,850783727395491840,Migsssg,MÎ¹gÏ…,"add ur mbti and put 4 characters that have the same mbti: ESFP
Ole https://t.co/WDsl7L369s https://t.co/qy9gsjEkUT",ESFP
16,1372593287077498885,STRAYXDOGGO,* ğ•¾ğ­ğ«ğšğ² ğğ¨ğ .,"RT @STRAYXDOGGO: â €â €

ğ„ğ’ğ…ğ:  extraverted, sensing, feeling, perceiving.  people with ESFP personality types are often described as spontaneoâ€¦",ESFP
17,1369751530610561024,hightowerys,nellie,"add your mbti and put 4 characters that have the same mbti as you!!

ESFP https://t.co/DsRIc0ZuFq https://t.co/WvMK037qN2",ESFP
18,1348459769476960262,Sleincanpooo,Sealionnâ˜…,"RT @ilovemongmong: hii, I'm rinn ! â™¡ I'm currently looking for interactive moots. Any fandom will do !
 
#stantwt #kpoptwt
About my me..
--â€¦",ESFP
19,2297770533,esfp_7,ğŸ•¯ï¸,gratified ğŸ«â˜ï¸ https://t.co/U9o3UY90Ge,ESFP
20,1633071451061518343,stfuimvaughn,Vaughn,"RT @ilovemongmong: hii, I'm rinn ! â™¡ I'm currently looking for interactive moots. Any fandom will do !
 
#stantwt #kpoptwt
About my me..
--â€¦",ESFP
21,1529839305593499649,CertifiedWizNot,ryan #UNFORGIVEN,"RT @ilovemongmong: hii, I'm rinn ! â™¡ I'm currently looking for interactive moots. Any fandom will do !
 
#stantwt #kpoptwt
About my me..
--â€¦",ESFP
22,1380412614002479109,lmzlsj,"Love, Noze.","RT @ilovemongmong: hii, I'm rinn ! â™¡ I'm currently looking for interactive moots. Any fandom will do !
 
#stantwt #kpoptwt
About my me..
--â€¦",ESFP
23,1517775034605260800,bluespring553,Ù,"RT @ilovemongmong: hii, I'm rinn ! â™¡ I'm currently looking for interactive moots. Any fandom will do !
 
#stantwt #kpoptwt
About my me..
--â€¦",ESFP
24,1458353381957718024,ThinkAbtCele,Celestine || haerin day !,"RT @ilovemongmong: hii, I'm rinn ! â™¡ I'm currently looking for interactive moots. Any fandom will do !
 
#stantwt #kpoptwt
About my me..
--â€¦",ESFP
25,1267453848311853056,YumOnigiri,belle | A proud JaystarğŸŒŸ but loving zb1,@JayChangslay I think you're compatible with me ğŸ˜˜ im esfp btw,ESFP
26,1603312698497724417,skzluvbot032518,adrii ğŸ‘¾âœ¨ â˜…âµ,"RT @ilovemongmong: hii, I'm rinn ! â™¡ I'm currently looking for interactive moots. Any fandom will do !
 
#stantwt #kpoptwt
About my me..
--â€¦",ESFP
27,1233746881995558913,reallymunson,bea ğ–¤,this makes so much sense. i love being an ESFP https://t.co/zLZLDdZM5P,ESFP
28,1626642418702422029,taintedsinger,braelynn â˜¾,"RT @gIasscherries: â €
       mikaela langdon. 
       twenty-five. british. esfp.
       capricorn. bisexual. https://t.co/SpNPZDfDvR 
â € httâ€¦",ESFP
29,961642445816639489,_LASAR_,Lancaster Area Search & Rescue,RT @johnkavanagh6: @_LASAR_ it was a pleasure to have you here . I managed get photos of your vehicle last night which I took for our Instaâ€¦,ESFP
30,1655175386614083585,luvsjy_,ray,"RT @ilovemongmong: hii, I'm rinn ! â™¡ I'm currently looking for interactive moots. Any fandom will do !
 
#stantwt #kpoptwt
About my me..
--â€¦",ESFP
31,1447194060851191808,qiyanator,aslan,@uraniandisaster as expected of the isfp sx4w3 and the esfp sx4w3 lovebirds,ESFP
32,1630846519485276160,geoksjsn,geo,"RT @ilovemongmong: hii, I'm rinn ! â™¡ I'm currently looking for interactive moots. Any fandom will do !
 
#stantwt #kpoptwt
About my me..
--â€¦",ESFP
33,1525914367929331713,entjso136,lia,My younger sis would type me as an esfp sx4 or so8 maybe,ESFP
34,1656656954662731785,hyunejsm,ry. â˜…âµ ; studying,"RT @ilovemongmong: hii, I'm rinn ! â™¡ I'm currently looking for interactive moots. Any fandom will do !
 
#stantwt #kpoptwt
About my me..
--â€¦",ESFP
35,1490276061287895040,silverioblake__,Blake,"RT @ilovemongmong: hii, I'm rinn ! â™¡ I'm currently looking for interactive moots. Any fandom will do !
 
#stantwt #kpoptwt
About my me..
--â€¦",ESFP
36,88296327,MatthewTwihard,MatthewTwihard,"RT @wisegirling: âº percy is an esfp. esfps are entertainers, capable of charming people with ease. theyâ€™re spontaneous &amp; energetic &amp; find jâ€¦",ESFP
37,1655790830874132486,diegscwx,diego,"RT @ilovemongmong: hii, I'm rinn ! â™¡ I'm currently looking for interactive moots. Any fandom will do !
 
#stantwt #kpoptwt
About my me..
--â€¦",ESFP
38,1561598904801820672,bambicrys,davi â˜†,"RT @gIasscherries: â €
       mikaela langdon. 
       twenty-five. british. esfp.
       capricorn. bisexual. https://t.co/SpNPZDfDvR 
â € httâ€¦",ESFP
39,400882640,johnkavanagh6,John Kavanagh,@_LASAR_ it was a pleasure to have you here . I managed get photos of your vehicle last night which I took for ourâ€¦ https://t.co/8TBuc69a5w,ESFP
40,1649551306439131137,wittyhxe,car go vroomâ°-Â¹ğŸ¬,"lee yechan is a main rapper, main dancer, vocalist, and the maknae of xikers! 

born oct. 21, 2005, heâ€™s a libra anâ€¦ https://t.co/E0Y3btAcxk",ESFP
41,772403455994437633,fairiezdust,zaf. ğŸª¼,"RT @gIasscherries: â €
       mikaela langdon. 
       twenty-five. british. esfp.
       capricorn. bisexual. https://t.co/SpNPZDfDvR 
â € httâ€¦",ESFP
42,1450846685333237760,illicitsink,juridico percy de baby,"Add your mbti and put 4 characters that have the same mbti as you!!

esfp https://t.co/Fte8YIwWyV https://t.co/ABr8Blo3xs",ESFP
43,1455904725354827781,wisegirling,raya à¼Š*Â·Ëš CHECK PINNED,"âº percy is an esfp. esfps are entertainers, capable of charming people with ease. theyâ€™re spontaneous &amp; energetic &amp;â€¦ https://t.co/DtQFfMlHpR",ESFP
44,1622458997805834242,fieryravenette,AÊ€Éªá´€ M. Má´É´á´›É¢á´á´á´‡Ê€Ê,"âœ¯ / Iâ€™ve eliminated a few numbers from the enneagram while attempting to type Jughead Jones. 

Heâ€™s either a 784 (Eâ€¦ https://t.co/s8HHmYQh9h",ESFP
45,1449069893396094979,inkchr0matic,joey drew's office chair,"I FUCKING LOVE ENTPS

(mighty is in a war since ppl cant decide if he's ENTP or ESFP but he's an ENTP cause it makeâ€¦ https://t.co/Q9e9MjxDet",ESFP
46,1382779686888038402,brwthing,summer,"RT @gIasscherries: â €
       mikaela langdon. 
       twenty-five. british. esfp.
       capricorn. bisexual. https://t.co/SpNPZDfDvR 
â € httâ€¦",ESFP
47,1231253095809798145,y2kshakespeare,Romina.,"RT @gIasscherries: â €
       mikaela langdon. 
       twenty-five. british. esfp.
       capricorn. bisexual. https://t.co/SpNPZDfDvR 
â € httâ€¦",ESFP
48,1645525231497347077,fumesterio,etarra fumon busca sumiso financiero,add ur mbti and put 4 characters that have the same mbti: soy simultÃ¡neamente ISFP y ESFP https://t.co/kb21nDDpMq https://t.co/l31blchPtY,ESFP
49,1403196541527945220,mrsachaaa,celsy,"RT @shaeilish: add your mbti and put 4 characters that have the same mbti as you!

ESFP https://t.co/LzJ4FP0F19",ESFP
50,3123482607,gIasscherries,mik.,"â €
       mikaela langdon. 
       twenty-five. british. esfp.
       capricorn. bisexual. https://t.co/SpNPZDfDvR 
â € https://t.co/E4avgJPFt6",ESFP
51,1457502269113573376,hugodurum,Hugo ğŸŒ¯,"add ur mbti and put 4 characters that have the same mbti: ESFP

ay mi cuki https://t.co/1eJ18zVaBf https://t.co/WPTfLONjlR",ESFP
52,1375165127905923092,kieuanh28_,CallmeJB_ | Haegeum ğŸ¥¢ (disfunction),No but after the pandemic ive changes once to esfp,ESFP
53,1501308187919753216,pinkaurora120,ina â™¡,"@_sohnset_ 1: it doesnâ€™t have a deep meaning, just the combination of two of my favorite things!
12: iâ€™m an ESFP!
1â€¦ https://t.co/Nvayq6rE0l",ESFP
54,1526680599389425665,merakiRiri,Riri / ğŸ‰ (ë¦¬ë¦¬),"RT @ilovemongmong: hii, I'm rinn ! â™¡ I'm currently looking for interactive moots. Any fandom will do !
 
#stantwt #kpoptwt
About my me..
--â€¦",ESFP
55,1414394740762550278,namjoonhcrts,ember ğŸ“ / D-12 UNTIL BDAY!!,"RT @ilovemongmong: hii, I'm rinn ! â™¡ I'm currently looking for interactive moots. Any fandom will do !
 
#stantwt #kpoptwt
About my me..
--â€¦",ESFP
56,1641575324843487233,glumbaery,glumbaerry,I made a new friend nd he's ESFP (ofc i made him do the test ğŸ˜) we made multiple fun plans to do in my short vacation!!! M excited ^^,ESFP
57,828670856956100612,inkedinoir,lyra,"RT @tendencytorebel: à³ƒâ€â·
     Ë—ËË‹ Jaden Vincent Sinclair.  Â´ËË—

00. taurus. esfp. aspiring actor. nepotism baby. goofball. any pronouns. dmâ€¦",ESFP
58,1297394482980089857,SourabhStephen,stephen | stephenwolf.bnb | Suiswap .bit ğŸ ğŸŒŠğŸ“˜âšªâš«,"RT @gabby_world_: ğŸ¨ Gabby Reveal (8) - Raise your AI #NFT ğŸ¨

Full of creativity and a passion for living in the moment, the artistic #ISFPâ€¦",ESFP
59,1427642383383019537,Hameedmoyal1,"Hameedmoyal.| Fuelet Free, OwnğŸ§Ÿâ€â™‚ï¸","RT @gabby_world_: ğŸ¨ Gabby Reveal (8) - Raise your AI #NFT ğŸ¨

Full of creativity and a passion for living in the moment, the artistic #ISFPâ€¦",ESFP
60,1277988616371929089,goatgyal,Ziza,@HaboMulaney @brotherjona I donâ€™t like esfp,ESFP
61,222016554,heweyleweydewey,ÇnbÄ±É¹uÉÉ¯ sÄ±nl,"RT @mbtibutpinoy: Submitted by anon!!

[ #INFP ] [ #ESFP ]",ESFP
62,986227506096164864,troyesdemigods,vrash #1 cardan defender brina's bday!! ğŸ’Œ,all I can see is estj n esfp being dumbasses ğŸ¤¦ğŸ½â€â™€ï¸ https://t.co/SjoRBhcHph,ESFP
63,1548870778539708416,denxuements,astra,"add your mbti and put 4 characters that have the same mbti as you!!

esfp https://t.co/wsh8hTwQYn https://t.co/iH9MbWXevh",ESFP
64,1269099639912796161,stardivrs,rani,"â€” rani

ğŸš« bukan akun rp

â€” suka red velvet, blackpink, itzy, ive, twice, new jeans, stray kids, jkt48

ğŸ’€ aries, esfp",ESFP
65,1458166128103067656,warnersduarte,karen lynch | suits era,"add your mbti and put 4 characters that have the same mbti as you!!

esfp https://t.co/zUEea26l4Y https://t.co/PEz1IW3GYn",ESFP
66,1035109298492334080,carlortoo,ğŸ’­,"add ur mbti and put 4 characters that have the same mbti

esfp â™¡!! https://t.co/FMuDTXsWi2 https://t.co/StDmnCm7k0",ESFP
67,1558594816232984576,ranitakahashi,Rara,@ssefnum ESFP and surprisingly my closest ones are mostly ESTJğŸ˜‚,ESFP
68,1657654451442966528,seiarive,seia,"RT @ilovemongmong: hii, I'm rinn ! â™¡ I'm currently looking for interactive moots. Any fandom will do !
 
#stantwt #kpoptwt
About my me..
--â€¦",ESFP
69,1466260479752359938,jonghomallow,sushi,"RT @ilovemongmong: hii, I'm rinn ! â™¡ I'm currently looking for interactive moots. Any fandom will do !
 
#stantwt #kpoptwt
About my me..
--â€¦",ESFP
70,1634112240386453504,ilovemongmong,rinn ! â™¡ lf moots,"hii, I'm rinn ! â™¡ I'm currently looking for interactive moots. Any fandom will do !
 
#stantwt #kpoptwt
About my meâ€¦ https://t.co/TVtT3hq4tP",ESFP
71,1622339768880070663,leelinol,LINO,"add your mbti and put 4 characters that have the same mbti as you!!

ESFP https://t.co/XtyZy2d0vc https://t.co/YNcFsnPitl",ESFP
72,1286524999939940352,shaeilish,S H A,"add your mbti and put 4 characters that have the same mbti as you!

ESFP https://t.co/WFM5UdTNvJ https://t.co/LzJ4FP0F19",ESFP
73,1621542725056069637,didistwt,sigrid,"add your mbti and put 4 characters that have the same mbti as you!!

esfp https://t.co/vhXoLdNIuj https://t.co/itAHWxypYl",ESFP
74,1608672769259995137,laufeyas,caleb,"add your mbti and put 4 characters that have the same mbti as you
  
i took the quiz 2 times and it gave me infp &amp;â€¦ https://t.co/IgstLecZOF",ESFP
75,1541799695525089283,mbtibutpinoy,mbti but pinoy,"Submitted by anon!!

[ #INFP ] [ #ESFP ]",ESFP
76,1078509601727889408,scnsetbaby,aves ğŸ©µ,"RT @tendencytorebel: à³ƒâ€â·
     Ë—ËË‹ Jaden Vincent Sinclair.  Â´ËË—

00. taurus. esfp. aspiring actor. nepotism baby. goofball. any pronouns. dmâ€¦",ESFP
77,986430103272894465,videnoir_,â˜†,"add your mbti and put 4 characters that have the same mbti as you

- esfp https://t.co/Mn8LzL6xfV https://t.co/0BK8p6la5V",ESFP
78,1176164615962710023,fay_kraken,uliğŸ’ğŸ–– D-74,"Add your mbti and put 4 characters that have the same mbti as you!  

ESFP https://t.co/fMjyw6qHvo https://t.co/fkbKbjCHUW",ESFP
79,1561598904801820672,bambicrys,davi â˜†,"RT @tendencytorebel: à³ƒâ€â·
     Ë—ËË‹ Jaden Vincent Sinclair.  Â´ËË—

00. taurus. esfp. aspiring actor. nepotism baby. goofball. any pronouns. dmâ€¦",ESFP
80,869800286197432320,freudnkeith,à©ˆâ™¡â€§â‚ŠËš,"@ssefnum my closest friends; INFP, INTP, INFJ, INTJ, and mostly all of my friends is an I person too! mine is ESFPâ€¦ https://t.co/6yU8KY9vKb",ESFP
81,1647408022593912832,VENOMAMlRA,ğ‘´. ğ‘·ğ‘¬ğ‘¹ğ‘¬ğ’,"RT @tendencytorebel: à³ƒâ€â·
     Ë—ËË‹ Jaden Vincent Sinclair.  Â´ËË—

00. taurus. esfp. aspiring actor. nepotism baby. goofball. any pronouns. dmâ€¦",ESFP
82,1354547220943687683,lovasaolvidars,mika .áŸ,"RT @tendencytorebel: à³ƒâ€â·
     Ë—ËË‹ Jaden Vincent Sinclair.  Â´ËË—

00. taurus. esfp. aspiring actor. nepotism baby. goofball. any pronouns. dmâ€¦",ESFP
83,1625776355236536320,chrrynectar,lotte,"RT @tendencytorebel: à³ƒâ€â·
     Ë—ËË‹ Jaden Vincent Sinclair.  Â´ËË—

00. taurus. esfp. aspiring actor. nepotism baby. goofball. any pronouns. dmâ€¦",ESFP
84,1417936466664169475,tendencytorebel,JADEN.,"à³ƒâ€â·
     Ë—ËË‹ Jaden Vincent Sinclair.  Â´ËË—

00. taurus. esfp. aspiring actor. nepotism baby. goofball. any pronouns.â€¦ https://t.co/b8KIlMpqOz",ESFP
85,1497455035718029313,JUMPINGJAKX,JAKX ğŸ’‹ THEE ISABELLERINA,"add your mbti and put 4 characters that have the same mbti as you!!

ESFP ğŸ’‹ (cuntiest type) https://t.co/do45mb12Cz https://t.co/w0LtdGhfro",ESFP
86,2793445569,theycallmeivyy,steve harrington protector,"add your mbti and put 4 characters that have the same mbti as you

- esfp https://t.co/iKCoLY9e4b https://t.co/1a1Ba23gPy",ESFP
87,1190012055450992641,seanmundyphoto,Sean Mundy,"RT @giogiotezio: GM - gas fees are bearable again ğŸ¥´

Hereâ€™s [ NOTIFICATIONS ], available on @foundation 

https://t.co/aOJkPEdUJM https://tâ€¦",ESFP
88,1571040115207671811,ptolemaeniac,ewa,finding out i have the same mbti (esfp) as laura palmer just changed my life,ESFP
89,1562862659758100480,summersatire,ğŸ‘ ğ“’ğ“ªğ“»ğ“¶ğ“®ğ“· IS SEEING LANA,"add your mbti and put 4 characters that have the same mbti as you!

esfp https://t.co/N4fr5v1weq https://t.co/eE1GZiJIx0",ESFP
90,1571013835242225664,loullipopx,bonnie ğŸ­,"RT @loullipopx: Also !! Sh0p will update on May 15th !! If you wanna pre order an MBTI charm, this is your last chance !! Link down below eâ€¦",ESFP
91,1601005699307388928,puppetdawq,megan ğŸ¦,4 characters with my mbti â˜ ï¸  ESFP https://t.co/1zNrkU1FQC https://t.co/pPmPeIHyRo,ESFP
92,1221831726881742857,lezzyron,rosie ğ“¢Ö´à»‹ğŸ’¥âš¢,i feel like iâ€™m an esfp bc theyre sm more accurate to me!!,ESFP
93,782270255485693953,cikenmcdeluxe,ğ“¼à¹‘ğ“‚…âŒ¯à´’Ç‚,got a compliment abt how attractive i am bila berborak. btw my mbti is esfpğŸ¤ª,ESFP
94,1453684685121331202,sanzvy,xe mabok baygon,"@yuujlltadorl WHAT, esfp",ESFP
95,1505675979515179008,ghostfaceroman,louis ğŸˆâ€â¬›,"add your mbti and put 4 characters that have the same mbti as you!!

esfp https://t.co/Hy2ghI7y43 https://t.co/QAnRdMBtvY",ESFP
96,1261059179546017792,Chroma_Code_,Chroma Code,"RT @giogiotezio: GM - gas fees are bearable again ğŸ¥´

Hereâ€™s [ NOTIFICATIONS ], available on @foundation 

https://t.co/aOJkPEdUJM https://tâ€¦",ESFP
97,785929753480101889,lara_O3,Bollera triste,"add ur mbti and put 4 characters that have the same mbti

ESFP https://t.co/M64oA8IX4t https://t.co/IwuyRvCB50",ESFP
98,983136281600364544,aamnaa____,Aamna,@zouisfeels i thought you were more isfp/esfp,ESFP
99,381742488,TheClairWitch,Clair Rose,"Add your mbti and qrt 4 characters that have the same mbti: 

ESFP

- Inosuke Hashibara
- Eijiro Kirishima
- Sashaâ€¦ https://t.co/Q92h2xBnPh",ESFP
100,1267453848311853056,YumOnigiri,belle | A proud JaystarğŸŒŸ but loving zb1,I just found out kamden is ESFP ğŸ¥¹ğŸ¥¹ğŸ˜­ğŸ˜­ we have the same mbti no wonder i feel the same vibe from him https://t.co/KXJUg9H7LN,ESFP
101,1309255421018796032,bosssuraj7532,Suraj.bnb | Tyche | Paysenger | âšªâš« ğŸ .zk,"RT @gabby_world_: ğŸ¨ Gabby Reveal (8) - Raise your AI #NFT ğŸ¨

Full of creativity and a passion for living in the moment, the artistic #ISFPâ€¦",ESFP
102,208583955,giogiotezio,GioParadiso.eth,"GM - gas fees are bearable again ğŸ¥´

Hereâ€™s [ NOTIFICATIONS ], available on @foundation 

https://t.co/aOJkPEdUJM https://t.co/boSe0m9X8S",ESFP
103,1204626623649071104,_senatii,Senati | ao simp | âœ¨comms open âœ¨,"RT @loullipopx: Also !! Sh0p will update on May 15th !! If you wanna pre order an MBTI charm, this is your last chance !! Link down below eâ€¦",ESFP
104,1571013835242225664,loullipopx,bonnie ğŸ­,"Also !! Sh0p will update on May 15th !! If you wanna pre order an MBTI charm, this is your last chance !! Link downâ€¦ https://t.co/ulGESte0kL",ESFP
105,1331620633726259200,ssefnum,"Ssefnum ON, cek likes. ğŸ’š","-rl hEllo! i hope itâ€™s not too late for seeking a bunch of new friends. a sneek-peak about me: an esfp, goes by sheâ€¦ https://t.co/x9o75HgI62",ESFP
106,1147852217312923648,jeonghyns,ğŸº,hes not esfp.. jeonghyeon's mbti is CUTE!!!!! https://t.co/Xgxb0m7dVy,ESFP
107,1595120120103407641,gogoldeeznuts,â€|| Roy,"my mbti and 4 caharctes that have the same mb4i as me ğŸ«¶

ESFP https://t.co/4zRgk702lE https://t.co/piPc6H45KR",ESFP
108,1431767827271323650,urfav_mf,ninzinoğŸ•´ï¸,"@jisungscumrag i believe the infp traits suit you more!!! you do have a few of the esfp traits, but i would definitâ€¦ https://t.co/VrQdV7uuDv",ESFP
109,1636114129244110855,hiddenessence_,â€ â€ â€ â€ â€ â€â€â€ â€ â€ Meng Lixue â€ â€ â€ â€ â€ Ë“ğŸŒ™Ë’,"RT @xagreekcore: â €â €â €â € â €â €â €â €
â €â €â €â € â €â €â €ğ“ğ¡ğ ğ ğ¨ğ ğ°ğ¡ğ¨ ğ¥ğ¢ğ¯ğ, ğ¥ğ¨ğ¯ğ â €â €â €â € â €â €â € â €â €â €â € â €â €     ğšğ§ğ ğğ¢ğ.
â €â €â €â € â €â €â €ğ—˜ğ—¹ğ—¼ğ—¿ ğ— ğ—®ğ—¸ğ—¿ğ—¶ğ˜€
â €â €â €â € â €â €â €22 mortal yrs. ğ—˜ğ˜€ğ—°. Sunâ€¦",ESFP
110,749034415137763328,cloudslils1ut,julesğŸº,"Add your MBTI &amp; 4 characters that have the same MBTI:

ESFP https://t.co/jqgOVpkUMn https://t.co/GjFTPX5cdT",ESFP
111,1478708917890912260,vitunyeseo,lune !! âœ®,@halinoring OMG i'm esfp 2w3 !!!,ESFP
112,1148835401974591488,vickiwwi,ğ™«ğ™ğ™˜ğ™ ğ™®â˜… ia,@notcoolmegster an esfp but that is neither here nor there we're discussing what is wrong with YOU,ESFP
113,1148835401974591488,vickiwwi,ğ™«ğ™ğ™˜ğ™ ğ™®â˜… ia,@notcoolmegster there is no such thing as a laid back explorer (as much as istps wish to believe that) u are one goâ€¦ https://t.co/6u31gq7Ajq,ESFP
114,1578047728793571328,vlcrrei,rei .. slow,@conffection HYEOKU FROM UNCANNY COUNTER I HAVE AN UNHEALTHY OBSESSION W HIM (hes esfp sx4 fun fact ğŸ«¶) https://t.co/NZFD8XU90S,ESFP
115,1376138354622832644,lanhzhou,jen,@fujosukuna ESFP ? I LOVE U GUYS,ESFP
116,1633261658847199236,fujosukuna,ema,@lanhzhou oh my gosh IM AN ESFP,ESFP
117,1038597614478872579,solssoup,sol âˆ˜â Ëšâ â˜†Ë³â Â°,ive concluded i am an esfp,ESFP
118,1488815835401490432,innocvnce,ayuya,i took the recent mbti test and it said im still an esfp but.. this one.. doesn't really describe me correctly kecuâ€¦ https://t.co/X5a4lh7goj,ESFP
119,1295507334731575303,iinxa94,ğ˜•ğ˜°ğ˜¯ğ˜¢â· | ÙŠØ§Ø±Ø¨ Ù†ÙˆØ± ØªØ¯Ø®Ù„ Ø§Ù„Ø«Ø§Ù†ÙˆÙŠ Ø¨Ù…Ø¬Ù…ÙˆØ¹ Ø¹Ø§Ù„ÙŠ Ø¢Ù…ÙŠÙ†,"add ur mbti and put 4 characters with the same type: 

ESFP https://t.co/6QNwWzYsKn https://t.co/bQlhqtLXRP",ESFP
120,1615729847535296513,minhorae,ì•„ë‚˜ ğŸŒ‹â˜…âµ,RT @hyulinos: hii^^ what is lee know highest % in zodiac and mbti? than youu â€” taurus and sagittarius + ESFP and INTJ https://t.co/F9Yo3lfsâ€¦,ESFP
121,3276705782,tayutie,Nat,my istj sis cannot stand witnessing how my esfp bro spends his money. it's comedy at this point,ESFP
122,1545398507498078208,0for97,SHALALA JILL,@jisungscumrag @look_imadeahat esfp these letters are kicking my ass rn,ESFP
123,1545398507498078208,0for97,SHALALA JILL,"@jisungscumrag I WAS DRIVING ALL DAY OOPS and i think youâ€™re a combo - great listener, deep convos, you def sign yoâ€¦ https://t.co/S7LuktMjCj",ESFP
124,1411629170799611906,Tobunabe,Tai ğŸª¼Halal Era 2ğŸŒ™,HOW IS SHAMPOO AN ESFP,ESFP
125,1009912441084497920,fluffspikes,âœ© â€§â‚ŠËšsonicËšâ‚Šâ€§ âœ©,"add your mbti and put 4 characters with the same type

ESFPğŸ˜¼ https://t.co/9obz7Orvdbâ€¦ https://t.co/0myzmCfOOr",ESFP
126,1526720372908797952,jisungscumrag,yoshi yoshi nae ğŸŒ¹,"1 year ago vs when i took it just now. 
- infp side: dead inside but do my best to make you happy . like thatâ€™s myâ€¦ https://t.co/dpaKsSH5Xm",ESFP
127,1406224437091782658,gfofkimtaehyung,ğŸ¤·ğŸ»â€â™€ï¸,and iâ€™m supposed to believe heâ€™s an ESFP ğŸ¤¨ https://t.co/gdxeCgpyak,ESFP
128,1253285245681496064,BlaxX_1110,ğŸš«,"RT @cloumello: MBTI doodlesâœ¨ï¸

#mbti #mbtiart #mbtifanart 
#ENTP #INTP #ENTJ #INTJ
#ENFP #INFP #ENFJ #INFJ
#ESTP #ISTP #ESFP #ISFP
#ESTJ #Iâ€¦",ESFP
129,19744251,kimkozak,Kim on LinkedIn,@enoserwaax I've never seen the pattern to horoscopes in order to be able to understand it or remember it. But I amâ€¦ https://t.co/PE8bLoFzu0,ESFP
130,1551755373190717441,12Justruee,Rueâ˜…,ESFP was my MBTI test result,ESFP
131,1514052500135022592,hyulinos,2min #1 fan â˜†,hii^^ what is lee know highest % in zodiac and mbti? than youu â€” taurus and sagittarius + ESFP and INTJ https://t.co/F9Yo3lfs7U,ESFP
132,1313944156083900416,boulevarddouble,Caro,I do think i'm an ESFP but this isn't me AT ALL https://t.co/scc2NzX5yy https://t.co/zUE5N0dyss,ESFP
133,1482045071952384003,ryuchanlys,rien #seymamonth!ğŸ§,"en esfp ozelligim ""i exist to prove you wrong"" https://t.co/Anxb2xCzLV https://t.co/I9dNdFnp2k",ESFP
134,1627745380464005134,jooyeonsmiles,skyğŸŒ™âœ¨ jooyeonâ€™s kisser,"@ellerbrinn ohhh which one do you think joo is?ğŸ‘€ cause personally why do i see him as esfp:â€)

AND RIGHT JUNHAN IS SO INFP THOOO",ESFP
135,1646356041561513984,riyanghao,(ï¼¾à¼‹à¼ï¼¾)â™¡,my esfp days are over cuz my eyes have been opened,ESFP
136,1444869864900943874,gfcaesar,rhyla,mayhaps i am an esfpâ€¦,ESFP
137,2297770533,esfp_7,ğŸ•¯ï¸,Walk with a lovely song ğŸ§ğŸš¶ğŸ½â€â™€ï¸ https://t.co/yPO6PxjBgN,ESFP
138,1329692115559858180,markeuwou,Chandra.,"@rentfess I""ll leave my carrd here because I am ESFP person. Oh, I am available start from tomorrow onwards. Do conâ€¦ https://t.co/QEY6Ryh1QR",ESFP
139,1331620633726259200,ssefnum,"Ssefnum ON, cek likes. ğŸ’š","Tiara Andiniâ€™s song. i love cats too, i have three at my home. anyway, i go by masc pronouns and my current mbti isâ€¦ https://t.co/je9w4Soj9a",ESFP
140,1148835401974591488,vickiwwi,ğ™«ğ™ğ™˜ğ™ ğ™®â˜… ia,@_vishythefishy I THINK IM THE ESMERELDA AND JASMINE BRAND OF ESFP (by enneagram) THO NOT THE LISA AND WONYO BRANDâ€¦ https://t.co/aI5X30uvS5,ESFP
141,1377800870881062913,tifasgloves,segy,@celestialweapon Whats insane too is that asami and tifa have the same mbti (isfj) and korra and aerith have similaâ€¦ https://t.co/6fs9LPOL0o,ESFP
142,1657011814176268288,kmszxw0_,Ù‹ğŸŒ‘,"RT @ggyuontop: â€” { day 1 } looking for interactive moots!

âœ¦ ina, esfp, minor.

âœ¦ she/her.

âœ¦ looking for ina / intl engene, moa, dive, oncâ€¦",ESFP
143,1392073366790623236,Stanisl86863011,Stanislav Andreev,"RT @gabby_world_: ğŸ¨ Gabby Reveal (8) - Raise your AI #NFT ğŸ¨

Full of creativity and a passion for living in the moment, the artistic #ISFPâ€¦",ESFP
144,1212258673428353024,frcica1979,"frcica_ãƒ•ãƒ©ã‚·ã‚«@NFT TwitFi phaver .lens(ğŸŒ¸, ğŸŒ¿)","RT @gabby_world_: ğŸ¨ Gabby Reveal (8) - Raise your AI #NFT ğŸ¨

Full of creativity and a passion for living in the moment, the artistic #ISFPâ€¦",ESFP
145,1266418454170529793,sleepandeat3,pearğŸ,@songzuerlareina I think she's between ENFP or ESFP,ESFP
146,90594495,clrssshrmn,cla,Let's not forget that Jay is INFP and Kamden is ESFP but this video tells otherwise lol https://t.co/6BIMgkYnix,ESFP
147,1516496724096868354,lux_ymhs,lux,"Georgia: INFJ (i was so closeeee)
Pip: ISFP (Didn't see that coming AT ALL)
Jason: ISFJ (Come on)
Rooney: ESFP (tolâ€¦ https://t.co/U2lko13TIL",ESFP
148,1516496724096868354,lux_ymhs,lux,"my predictions on Loveless characters' mbti vs their real mbti (I'm good extremely good at this btw)
my very accuraâ€¦ https://t.co/GYmU26vTOT",ESFP
149,32717261,Butters360,Roger (RogSwole Arc ğŸ’ª),@Cute_Idiot ESFP. I can *totally* see you signing a legal document with a glitter gel pen! â¤ï¸â¤ï¸ğŸ¤£ğŸ¤£ https://t.co/jKACatws1r,ESFP
150,368665695,Cute_Idiot,Taylor (Colorado Arc) ğŸ’›ğŸ¦Œ,@Butters360 Hahaha!! Love this! But I'm actually like 50/50 ENFP/ESFP! Though I usually say I'm ENFP.,ESFP
151,1466260479752359938,jonghomallow,sushi,"RT @SJYKSFAIRY: - Day 2 â€¢ Restarting!!

Hey my name is Fanta â™¡

â™¥ï¸ not new to #stantwt or #kpoptwt 
â™¥ï¸ ger/ğŸ‡¬ğŸ‡³, she/her, esfp
â™¥ï¸ looking forâ€¦",ESFP
152,1580416088566792193,SJYKSFAIRY,Fanta â€¢ DARK BLOOD â˜…âµ,"- Day 2 â€¢ Restarting!!

Hey my name is Fanta â™¡

â™¥ï¸ not new to #stantwt or #kpoptwt 
â™¥ï¸ ger/ğŸ‡¬ğŸ‡³, she/her, esfp
â™¥ï¸ looâ€¦ https://t.co/hWi8J4algN",ESFP
153,1263829074973261826,HidariYuu92,el Yuu ğŸ¿ï¸,"add ur mbti and put 4 characters that have the same 

mbti:   ESFP

AQUI VIENE AUDAZ

 (no me vi The Boys pero losâ€¦ https://t.co/uV7oEDZZ69",ESFP
154,1387498409205063683,ubidaned,dee ?!?!? d-40,@jungmomoment Put in my head he's still on ESFP,ESFP
155,1521836056999788544,soobinluvrzone,sage.,"RT @ggyuontop: â€” { day 1 } looking for interactive moots!

âœ¦ ina, esfp, minor.

âœ¦ she/her.

âœ¦ looking for ina / intl engene, moa, dive, oncâ€¦",ESFP
156,414534527,thepullofyou,lainey,It's funny .. I was an ESFP 5 years ago and then I recently retook the test and now I'm an ENTP. Still extroverted but more ğŸ¤”ğŸ˜¬,ESFP
157,118418469,JoeWEquil,Joe Lu ğŸ’™,"@DrQamarulHassan Please vote ESFP! Trying to get my daughter @AilaWEquil to share more about herself ğŸ¤ª

https://t.co/liQaxFB5JI",ESFP
158,118418469,JoeWEquil,Joe Lu ğŸ’™,@twinxkidookie28 Please vote ESFP! Trying to get my daughter @AilaWEquil to share more about herself ğŸ¤ª https://t.co/ztfVftAAUB,ESFP
159,1391079767496081412,VioletMaiden,Violet_Maiden_Art,"Add ur Mbti and put 4 characters that have the same mbti:

I'm ESFP https://t.co/FElh85TkmC https://t.co/BKcNzxXwNl",ESFP
160,842979823345520640,choicewenbebes,lori lorena,"I love me some Jooheon heâ€™s my Ultimate but Leedo is the sexiest man alive and we have the same birthday, and he isâ€¦ https://t.co/CESzUuLysD",ESFP
161,1310862483138240513,FUSHlGAYRO,j â˜† hater era,"add your mbti and post four characters with the same mbti:

ESFP â€¼ï¸ https://t.co/xyFNK0dpon https://t.co/QTqq11mzhP",ESFP
162,1278388283647553538,Xnebriele,Novi.Suiswap ğŸ”†,"RT @gabby_world_: ğŸ¨ Gabby Reveal (8) - Raise your AI #NFT ğŸ¨

Full of creativity and a passion for living in the moment, the artistic #ISFPâ€¦",ESFP
163,139233282,ningyoh,clamp school dropout,@YazawaDisciple also shouji does not give me ESFJ vibes at all. I got ESFP from him,ESFP
164,944497700854046720,Kimochu69,"áƒê«€á¥’ | OmeletteSwap | Earn, Ally | FlowX","RT @gabby_world_: ğŸ¨ Gabby Reveal (8) - Raise your AI #NFT ğŸ¨

Full of creativity and a passion for living in the moment, the artistic #ISFPâ€¦",ESFP
165,1580416088566792193,SJYKSFAIRY,Fanta â€¢ DARK BLOOD â˜…âµ,"- Day 1 â€¢ Restarting!!

Hey my name is Fanta â™¡

â™¥ï¸ not new to #stantwt or #kpoptwt 
â™¥ï¸ ger/ğŸ‡¬ğŸ‡³, she/her, esfp
â™¥ï¸ looâ€¦ https://t.co/3tIDcW0W4s",ESFP
166,1530085527034408960,aroshizue,keris â˜†,@mushioguri please u were my only esfp mutual PLEASEEEE,ESFP
167,1366677860333846536,_leebitzs_,yayaâ˜† â–´,@yeetfeliz WOWWW BUT SAME I DID IT AGAIN AND IM ISFP RATHER THAN ESFP,ESFP
168,999483637681733637,LAZZ1008,LAZZ,"RT @cloumello: MBTI doodlesâœ¨ï¸

#mbti #mbtiart #mbtifanart 
#ENTP #INTP #ENTJ #INTJ
#ENFP #INFP #ENFJ #INFJ
#ESTP #ISTP #ESFP #ISFP
#ESTJ #Iâ€¦",ESFP
169,1647512442648547330,cathedline,Rue,@ssefnum SENDER!! I hope I'm not too late for this but I'd like to introduce you to my lovely friend @lavietoile (Sâ€¦ https://t.co/pXGKVOYJjy,ESFP
170,1308677715072086016,Chandreshjatav8,Chandu.bnb | Suiswap,"RT @gabby_world_: ğŸ¨ Gabby Reveal (8) - Raise your AI #NFT ğŸ¨

Full of creativity and a passion for living in the moment, the artistic #ISFPâ€¦",ESFP
171,1651176604272558082,jehsy4enha_,jehsy ; lf moots ! á°”á©š,"RT @ggyuontop: â€” { day 1 } looking for interactive moots!

âœ¦ ina, esfp, minor.

âœ¦ she/her.

âœ¦ looking for ina / intl engene, moa, dive, oncâ€¦",ESFP
172,1373028279498645504,hybejpnicholas,JJğŸŒ™|| VOTE JUNWON HYEONGGEUN KIM DAEHUI,"RT @boijeuljh: The esfp and isfp on jeonghyeon and zhang hao laughing together lol
https://t.co/uZZkPuXYr5",ESFP
173,1495539776576901120,unwavringheart,aster,@mushioguri downgrade..... i like esfp sx8 but its ok i accept you,ESFP
174,1580416088566792193,SJYKSFAIRY,Fanta â€¢ DARK BLOOD â˜…âµ,"â€” Hey my name is Fanta!

â™¥ï¸ not new to #kpopstantwt #stantwt #kpoptwt 
â™¥ï¸ ger / ğŸ‡¬ğŸ‡³, she/her, esfp
â™¥ï¸ looking for inâ€¦ https://t.co/eVIp7KDlT0",ESFP
175,1426740084305321991,TPhm45524437,TÃº Pháº¡mğŸ,"RT @gabby_world_: ğŸ¨ Gabby Reveal (8) - Raise your AI #NFT ğŸ¨

Full of creativity and a passion for living in the moment, the artistic #ISFPâ€¦",ESFP
176,1655500072799588352,minniekikiz,Ù‹,"RT @ggyuontop: â€” { day 1 } looking for interactive moots!

âœ¦ ina, esfp, minor.

âœ¦ she/her.

âœ¦ looking for ina / intl engene, moa, dive, oncâ€¦",ESFP
177,842979823345520640,choicewenbebes,lori lorena,"Finally found out my MBTI, I am ESFP!",ESFP
178,1618639096624156676,ACXSPADS,á…Ÿá…Ÿá…Ÿá…Ÿğ€ÍŸğ‚ğ„ ğ“ˆ’,"Useless facts about me:  

Name: Ace.
Height: 1,90. 
Age: 30.
Sexuality: Sim. 
Zodiac sign: Leo.
MBTI: ESFP.

Colorâ€¦ https://t.co/plFezg47Sc",ESFP
179,1366677860333846536,_leebitzs_,yayaâ˜† â–´,I gotta stop doing this mbti test cause im now an Esfp,ESFP
180,1630684595497697281,VANTASHIHAI,ğ”ğ”²ğ”¯ğ”¬ğ”¦ğ”¯ğ”¬ ğ”–ğ”¥ğ”¦ğ”¥ğ”ğ”¦,"// this is bad, now i feel vibing with yuga and his demeanour too. BUT I ALREADY HAVE AN ESFP (although they changeâ€¦ https://t.co/prZmg2S98a",ESFP
181,1244888625659219968,OmegaZe37355642,Tetrahedron Dash,"@SoSyncd Basically, Dash is a ESTP while I'm a ESFP",ESFP
182,1501308187919753216,pinkaurora120,ina â™¡,"@uwusfortbz donâ€™t trust the tests, do your own research. i always get ISFP on tests but i know that theory wise iâ€™m an ESFP.",ESFP
183,1656230565035773952,gxbriellee,gabi (inactive for my dear gradesğŸ¥²),"RT @ggyuontop: â€” { day 1 } looking for interactive moots!

âœ¦ ina, esfp, minor.

âœ¦ she/her.

âœ¦ looking for ina / intl engene, moa, dive, oncâ€¦",ESFP
184,1567523139764064256,rei_toka,hellgen's discord mod boyfriend,"""tbh you look like an esfp"" - Worst tellonym message Ive received so far. Congrats #tellonym  https://t.co/el86FXZH6V",ESFP
185,1507134634903154696,voidfaiiry,angel ğŸ¦ğŸ³ï¸â€âš§ï¸,"RT @heavenlyluvsx: hello, iâ€™m devin. iâ€™ve been in the rtc for a while now but i want to get into #kpoptwt and make more interactive mutualsâ€¦",ESFP
186,1406095757044711428,icedkohidesu,Laia ğŸƒ,If Kino is an ENFJ then that definitely makes sense why I'm so into him (cause I'm INxP lol). That's an 'if' thoughâ€¦ https://t.co/gJxV1xZiiN,ESFP
187,1161365451848474624,SoSyncd,So Syncd,"We have another So Syncd wedding! We wish James and Amanda a lifetime of happiness together, and we're so glad youâ€¦ https://t.co/M4lZE0Mb0Y",ESFP
188,1402631677734686723,hangolgii,han,"RT @heavenlyluvsx: hello, iâ€™m devin. iâ€™ve been in the rtc for a while now but i want to get into #kpoptwt and make more interactive mutualsâ€¦",ESFP
189,1628476621509238785,redstartz,dia â˜†,"RT @heavenlyluvsx: hello, iâ€™m devin. iâ€™ve been in the rtc for a while now but i want to get into #kpoptwt and make more interactive mutualsâ€¦",ESFP
190,1251510443048226816,prksnghn_02,Hiro | Dark BloodğŸ©¸,"RT @ggyuontop: â€” { day 1 } looking for interactive moots!

âœ¦ ina, esfp, minor.

âœ¦ she/her.

âœ¦ looking for ina / intl engene, moa, dive, oncâ€¦",ESFP
191,1452531107606384642,locblue202,"LOCBLUE(ğŸŒ¸,ğŸŒ¿)(âš™ï¸) (ğŸ“½ï¸,ğŸŒ¿).bit ğŸ","RT @gabby_world_: ğŸ¨ Gabby Reveal (8) - Raise your AI #NFT ğŸ¨

Full of creativity and a passion for living in the moment, the artistic #ISFPâ€¦",ESFP
192,1608882300355321856,riddleryaoi,ï¼Ÿriddler,"@varianorexic I've always been esfp in my heart, mann ğŸ˜­ or exfp in general",ESFP
193,1499980387401240583,chaecites,Ù‹,"RT @ggyuontop: â€” { day 1 } looking for interactive moots!

âœ¦ ina, esfp, minor.

âœ¦ she/her.

âœ¦ looking for ina / intl engene, moa, dive, oncâ€¦",ESFP
194,4053297557,twinxkidookie28,ğŸŒŸTwinstar_888ğŸŒŸ,"My baby'sğŸ“ personality type is ESFP. ğŸ˜  According to a psychological study.
â¬‡ï¸â¬‡ï¸â¬‡ï¸
https://t.co/NzoPJvYUWl
And I'mâ€¦ https://t.co/yVZFLWfKxg",ESFP
195,1656195795669098497,sznfleur,Ù‹,"RT @ggyuontop: â€” { day 1 } looking for interactive moots!

âœ¦ ina, esfp, minor.

âœ¦ she/her.

âœ¦ looking for ina / intl engene, moa, dive, oncâ€¦",ESFP
196,1355685901960024066,heavenlyluvsx,heavenly âœ©,"hello, iâ€™m devin. iâ€™ve been in the rtc for a while now but i want to get into #kpoptwt and make more interactive muâ€¦ https://t.co/F54TmPA0mM",ESFP
197,1860981978,arayary1,aray ary,"RT @gabby_world_: ğŸ¨ Gabby Reveal (8) - Raise your AI #NFT ğŸ¨

Full of creativity and a passion for living in the moment, the artistic #ISFPâ€¦",ESFP
198,1265814162082426881,Cryptotrojan1,Cryptotrojan.bnb | awungshi.stark | âšªâš«ğŸ,"RT @gabby_world_: ğŸ¨ Gabby Reveal (8) - Raise your AI #NFT ğŸ¨

Full of creativity and a passion for living in the moment, the artistic #ISFPâ€¦",ESFP
199,1589491520327290880,sjseumg,risse ; temp ia,"â€” HI! I'm Risse (rizz) restarting!
not new to #stantwt &amp; #kpoptwt

â€” looking for MOOTS ! 

â€¢ ults: enha &amp; nwjns 
â€¢â€¦ https://t.co/9x99UoVeoj",ESFP
200,1605386742273437696,cleasaintly,clea,"RT @ggyuontop: â€” { day 1 } looking for interactive moots!

âœ¦ ina, esfp, minor.

âœ¦ she/her.

âœ¦ looking for ina / intl engene, moa, dive, oncâ€¦",ESFP
201,1627602262133735424,ggyuontop,rai âœ¦,"â€” { day 1 } looking for interactive moots!

âœ¦ ina, esfp, minor.

âœ¦ she/her.

âœ¦ looking for ina / intl engene, moa,â€¦ https://t.co/LDdQx0l6G2",ESFP
202,1130375863646613504,hergione,GingerğŸ¦…,"henloo! disini Ginger, pisces, 19thn, esfp https://t.co/LQK8VDD1sX",ESFP
203,1581046018564669440,LK33JD,Lisa K. M.,"Not even sure what this emotion is, I'll be honest. But I think it's good? I'm too complex sometimes; it would be sâ€¦ https://t.co/98RkMn4RBk",ESFP
204,888856138430763009,___jadeeee,mcdonaldsdrivethru69,after many tests i am no longer an infj. now i am an esfp ğŸ˜,ESFP
205,1261615513916096512,ayastown,Ø¢ÙŠØ©,@zitremedys sx2 esfp? or sx7 now?,ESFP
206,1467393776457236480,zefyrant,kazuha's flamethrower,"RT @IOVEDYN: hi i'm sean, lf moots! ğŸŒ¿
â˜†: 04 liner, he/they, esfp.  
ultsÂ¡!: kep1er, twice, newjeans, lsfm, stayc, aespa, itzy, nmixx, ive,â€¦",ESFP
207,1503849220985524224,bhenytr,Kiruaaa,"RT @zoriwonyi: âŠ± â¤»â˜ï¸  ğ˜ğ˜ª ğ˜¦ğ˜·ğ˜¦ğ˜³ğ˜ºğ˜°ğ˜¯ğ˜¦ ğ˜'ğ˜® ğ˜¬ğ˜¦ğ˜¦ğ˜´ğ˜©ğ˜¢!  âŠ¹ Â·ê’±.
. . . . . â•°â”€â”€â•®
         âŒ âŒ— esfp âŒ .  âŒ’âŒ’âŒ’âŒ’ 
 .âƒ—âœ© ğ˜”ğ˜ªğ˜¯ğ˜°ğ˜³ ğ˜¢ğ˜¨ğ˜¦ â‚Šâ‹†ï½¡ âŒ’âŒ’âŒ’âŒ’
â˜„. *. â‹† Any prns Ëšâ€¦",ESFP
208,1550711061271130113,kgvcation,â¥ vi,i retook my mbti test end how the fuck did i go from esfp to istp-t https://t.co/36Zg0JpRQK,ESFP
209,1361576503046242304,dzGkiDIidXvLnT1,Ğ¡Ñ‚Ğ°Ğ½Ğ¸ÑĞ»Ğ°Ğ²ğŸ,"RT @gabby_world_: ğŸ¨ Gabby Reveal (8) - Raise your AI #NFT ğŸ¨

Full of creativity and a passion for living in the moment, the artistic #ISFPâ€¦",ESFP
210,1293103924552052736,leosmini,kah saw dream | TOLO IS COMING ğŸš¬,might be an esfp thing ğŸ¤­,ESFP
211,719092051178946560,xoxo2kexxin,â¸¸ì¹´ì‹ â¸¸,"RT @ddorokking: Hanaoka Fujio #èŠ±å²¡æ¥“å£«é›„

born: August 7th, 1999
zodiac sign: Leo
mbti: ESFP
enneagram: Type 7 wing 8

The Enthusiast, The Enteâ€¦",ESFP
212,1646827330155978752,jitaklomls,andyâºÂ¹,@CUPIDKYO omg i went from enfp to esfp maybe im the extrovert version of you,ESFP
213,1009912441084497920,fluffspikes,âœ© â€§â‚ŠËšsonicËšâ‚Šâ€§ âœ©,@sinnerofsun nah cuz me going from ESFP to ENTP is wildâ˜ ï¸,ESFP
214,1161365451848474624,SoSyncd,So Syncd,"INFP, ENFP, ISFP, and ESFP fictional characters. Follow @SoSyncd to see more! ğŸ¥

Download @SoSyncd to connect withâ€¦ https://t.co/ccBzliHnFL",ESFP
215,1331620633726259200,ssefnum,"Ssefnum ON, cek likes. ğŸ’š","Andiniâ€™s song. i go by masc pronouns and my current mbti is esfp, so do yâ€™all interest to be my friends? drop any qâ€¦ https://t.co/BAkNx5K68h",ESFP
216,1331620633726259200,ssefnum,"Ssefnum ON, cek likes. ğŸ’š","Andiniâ€™s song. i go by masc pronouns and my current mbti is esfp, so do yâ€™all interest to be my friends? drop any qâ€¦ https://t.co/l4960hzaSr",ESFP
217,971828588281585665,yoonspinkie,ğŸ‡ big ol soft queer,@asra004 IS IT HAHAHAHA my sister is esfp or something and we looked at character data bases and all hers shared wiâ€¦ https://t.co/H3zLeY3ono,ESFP
218,1414576663380336642,GOROUPAWZ,charlie â˜†,"RT @makocroft: -repost cuz I want more mutuals 

// #hsrtwt #honkaistarrailÂ  #anitwt  #genshintwt

looking for hsr/genshin moots too!

(engâ€¦",ESFP
219,1600671909762449409,tokkiphone,à­¨à­§ idgaf abt daerin,well idk what happened at the end but full typology reveal ESFP 628 6w7 ESE sp/sx sanguine-melancholic LEFV SLUAN,ESFP
220,1600671909762449409,tokkiphone,à­¨à­§ idgaf abt daerin,What is your MBTI? â€” short answer: esfp long answer: esfp 6w7 628 SP/SX sanguine-melancholic LEFV SLUAN&amp;nbsp; https://t.co/seENXzTrWf,ESFP
221,1640654747634999296,EmpressOf1992,kayla âš”ï¸,"â˜† Kayla, KK, Goose
â˜† Cancer sun, Sagittarius moon, Virgo rising (also an ESFP)
â˜† the queen of gesticulation
â˜† greenâ€¦ https://t.co/iqVXli2Nhb",ESFP
222,3970089372,MegumiBandicot,Megumi Bandicoot,"RT @zoriwonyi: âŠ± â¤»â˜ï¸  ğ˜ğ˜ª ğ˜¦ğ˜·ğ˜¦ğ˜³ğ˜ºğ˜°ğ˜¯ğ˜¦ ğ˜'ğ˜® ğ˜¬ğ˜¦ğ˜¦ğ˜´ğ˜©ğ˜¢!  âŠ¹ Â·ê’±.
. . . . . â•°â”€â”€â•®
         âŒ âŒ— esfp âŒ .  âŒ’âŒ’âŒ’âŒ’ 
 .âƒ—âœ© ğ˜”ğ˜ªğ˜¯ğ˜°ğ˜³ ğ˜¢ğ˜¨ğ˜¦ â‚Šâ‹†ï½¡ âŒ’âŒ’âŒ’âŒ’
â˜„. *. â‹† Any prns Ëšâ€¦",ESFP
223,1644876765746323457,zoriwonyi,â‹† à£ª . ğ˜¡ğ˜°ğ˜³ğ˜ªğ˜ª,"âŠ± â¤»â˜ï¸  ğ˜ğ˜ª ğ˜¦ğ˜·ğ˜¦ğ˜³ğ˜ºğ˜°ğ˜¯ğ˜¦ ğ˜'ğ˜® ğ˜¬ğ˜¦ğ˜¦ğ˜´ğ˜©ğ˜¢!  âŠ¹ Â·ê’±.
. . . . . â•°â”€â”€â•®
         âŒ âŒ— esfp âŒ .  âŒ’âŒ’âŒ’âŒ’ 
 .âƒ—âœ© ğ˜”ğ˜ªğ˜¯ğ˜°ğ˜³ ğ˜¢ğ˜¨ğ˜¦ â‚Šâ‹†ï½¡ âŒ’âŒ’âŒ’âŒ’
â˜„. *. â‹† Aâ€¦ https://t.co/TK665Jm3kw",ESFP
224,994267578,hangyulr,Ù,"Second question about MBTI Challenge. As an ESFP person, I would choose going outside! Why I have to stay at home wâ€¦ https://t.co/yv3rvmHv1i",ESFP
225,994267578,hangyulr,Ù,"MBTI Challenge accepted! Stand in the line, see the question and choose the right answer based on ourself. For theâ€¦ https://t.co/WDE7b3qumr",ESFP
226,1545407966848753665,lovelili__,m,"RT @IOVEDYN: hi i'm sean, lf moots! ğŸŒ¿
â˜†: 04 liner, he/they, esfp.  
ultsÂ¡!: kep1er, twice, newjeans, lsfm, stayc, aespa, itzy, nmixx, ive,â€¦",ESFP
227,1645599087641919488,hazykss,haze,"RT @IOVEDYN: hi i'm sean, lf moots! ğŸŒ¿
â˜†: 04 liner, he/they, esfp.  
ultsÂ¡!: kep1er, twice, newjeans, lsfm, stayc, aespa, itzy, nmixx, ive,â€¦",ESFP
228,1203603701732007937,Yeonjugi,JiHanSol saw Jisung Park,"RT @IOVEDYN: hi i'm sean, lf moots! ğŸŒ¿
â˜†: 04 liner, he/they, esfp.  
ultsÂ¡!: kep1er, twice, newjeans, lsfm, stayc, aespa, itzy, nmixx, ive,â€¦",ESFP
229,1655098054184431622,Aylla_stl,ayi,"RT @IOVEDYN: hi i'm sean, lf moots! ğŸŒ¿
â˜†: 04 liner, he/they, esfp.  
ultsÂ¡!: kep1er, twice, newjeans, lsfm, stayc, aespa, itzy, nmixx, ive,â€¦",ESFP
230,1482175201412407301,ayatarch1ve,ayat,"RT @IOVEDYN: hi i'm sean, lf moots! ğŸŒ¿
â˜†: 04 liner, he/they, esfp.  
ultsÂ¡!: kep1er, twice, newjeans, lsfm, stayc, aespa, itzy, nmixx, ive,â€¦",ESFP
231,1455062780931817472,pixiezites,âœ® .áŸ,"RT @IOVEDYN: hi i'm sean, lf moots! ğŸŒ¿
â˜†: 04 liner, he/they, esfp.  
ultsÂ¡!: kep1er, twice, newjeans, lsfm, stayc, aespa, itzy, nmixx, ive,â€¦",ESFP
232,1641891754226876416,xueisafish,é³•é­š | ğŸ¦‹ğŸŸğŸ’« | 3 days !!,"RT @makocroft: -repost cuz I want more mutuals 

// #hsrtwt #honkaistarrailÂ  #anitwt  #genshintwt

looking for hsr/genshin moots too!

(engâ€¦",ESFP
233,1540648991842799616,CaseyLaw_,"catman.lens(ğŸŒ¸, ğŸŒ¿)(L3, â„ï¸)ğŸ›¸( ğŸ” , â› )âš™ï¸ğŸ›¡ï¸","RT @gabby_world_: ğŸ¨ Gabby Reveal (8) - Raise your AI #NFT ğŸ¨

Full of creativity and a passion for living in the moment, the artistic #ISFPâ€¦",ESFP
234,1381601020699045891,arbeimatcha,D-DAY !!,@tethreekuao oops! surprisingly im an esfp wtffffff,ESFP
235,946051116529205248,hdyeonhua,ê½ƒ - hoa dáº¡ng niÃªn hoa,"RT @coguddnjstar: monsta x members mbti:

ğŸ» ISFJ
ğŸ¶ ENTJ
ğŸ¹ ESFP
ğŸ¢ INFP
ğŸ ENFP
ğŸ± INFP/ISFP (not sure which one is more accurate)

And why i fâ€¦",ESFP
236,1343832891705368576,chienohikari1,leebitknowrururuto,"RT @IOVEDYN: hi i'm sean, lf moots! ğŸŒ¿
â˜†: 04 liner, he/they, esfp.  
ultsÂ¡!: kep1er, twice, newjeans, lsfm, stayc, aespa, itzy, nmixx, ive,â€¦",ESFP
237,1453146009219964934,kaieatapple,kai/theo,"RT @IOVEDYN: hi i'm sean, lf moots! ğŸŒ¿
â˜†: 04 liner, he/they, esfp.  
ultsÂ¡!: kep1er, twice, newjeans, lsfm, stayc, aespa, itzy, nmixx, ive,â€¦",ESFP
238,1425365556513808384,lkywky,nini â˜†,"RT @rainbowtopings: Redo number 3 go!!! (ï½¡&gt;ï¹&lt;) Ë—ËË‹ â™¡ ËËŠË—

â€Ë–Â°    â€Ë–Â°
looking for #hsrtwt moots!!      
  á¶» ğ—“ ğ° I am mina! -Ë‹Ëâœ„â”ˆâ”ˆâ”ˆ
march  &amp;â€¦",ESFP
239,1614519547855507458,beo_mjun,ğŸ§ alve : lf moots,"RT @IOVEDYN: hi i'm sean, lf moots! ğŸŒ¿
â˜†: 04 liner, he/they, esfp.  
ultsÂ¡!: kep1er, twice, newjeans, lsfm, stayc, aespa, itzy, nmixx, ive,â€¦",ESFP
240,3118405640,Infiniti_SSB,Arcaea Propaganda I guess?,"@archaneaisms gale archaneaisms (ok seriously though which one are you? you strike me as an xNFP tbh)

Anyway:

Alsâ€¦ https://t.co/IduS4QSGgX",ESFP
241,311957775,vismitsjain,vismit | .bit | Flowx |MantleSwap| SuiFrens AI,"RT @gabby_world_: ğŸ¨ Gabby Reveal (8) - Raise your AI #NFT ğŸ¨

Full of creativity and a passion for living in the moment, the artistic #ISFPâ€¦",ESFP
242,695105251687272448,dogexen,ÃXEN | Suiswap | FusionX Finance | NemoSwap ğŸ,"RT @gabby_world_: ğŸ¨ Gabby Reveal (8) - Raise your AI #NFT ğŸ¨

Full of creativity and a passion for living in the moment, the artistic #ISFPâ€¦",ESFP
243,1583390355872890880,cjfr_ncb1,"hanbin, the shining star (â â—â â€¢â á´—â â€¢â â—â )â âœ§â *â ã€‚","RT @IOVEDYN: hi i'm sean, lf moots! ğŸŒ¿
â˜†: 04 liner, he/they, esfp.  
ultsÂ¡!: kep1er, twice, newjeans, lsfm, stayc, aespa, itzy, nmixx, ive,â€¦",ESFP
244,1628186358215766017,serrraphine,kj â˜»,@miyeonscrown mine is either esfp or enfp ! i always get the s and n split on my results ğŸ˜­,ESFP
245,931693737054371840,gnl2109,gnl2109.blockchainğŸgnl2109.bnbğŸŒŠğŸ“˜ğŸŒğŸ¤–ğŸ›¸| YouSUI,"RT @gabby_world_: ğŸ¨ Gabby Reveal (8) - Raise your AI #NFT ğŸ¨

Full of creativity and a passion for living in the moment, the artistic #ISFPâ€¦",ESFP
246,1649213945977409536,i98jng,su â˜…â˜…â˜…â˜…â˜…,"RT @IOVEDYN: hi i'm sean, lf moots! ğŸŒ¿
â˜†: 04 liner, he/they, esfp.  
ultsÂ¡!: kep1er, twice, newjeans, lsfm, stayc, aespa, itzy, nmixx, ive,â€¦",ESFP
247,1221831726881742857,lezzyron,rosie ğ“¢Ö´à»‹ğŸ’¥âš¢,"RT @daisy6s: BASICS  Ë˜Íˆáµ•Ë˜Íˆ
march 1, 1980 
he/him bisexual
gryffindor  pureblood
( â˜¼ ) pisces ( â˜¾ ) virgo (â†‘ ) cancer 
ESFP â€” extraverted, sâ€¦",ESFP
248,1377352538152960000,daisy6s,MEG â˜…,"BASICS  Ë˜Íˆáµ•Ë˜Íˆ
march 1, 1980 
he/him bisexual
gryffindor  pureblood
( â˜¼ ) pisces ( â˜¾ ) virgo (â†‘ ) cancer 
ESFP â€” extâ€¦ https://t.co/s1kX1ftPan",ESFP
249,1361804918407979016,kestiscals,wika,"RT @mewmewmiio: hi! â€¢á´—â€¢
new to #edtwt

à¼˜â‹†ğŸ‘’
â˜†14
â˜† she/her
â˜†esfp (i think)
â˜† i like music, jewelry, clothing, and anime!
â˜† dni : non edtwt, râ€¦",ESFP
250,1633063373456969729,xeardy,xear !!! KAFKA WANTER ğŸŒ±,"RT @makocroft: -repost cuz I want more mutuals 

// #hsrtwt #honkaistarrailÂ  #anitwt  #genshintwt

looking for hsr/genshin moots too!

(engâ€¦",ESFP
251,1652903973366681602,4jkeyjj,saby â™¡,"RT @IOVEDYN: hi i'm sean, lf moots! ğŸŒ¿
â˜†: 04 liner, he/they, esfp.  
ultsÂ¡!: kep1er, twice, newjeans, lsfm, stayc, aespa, itzy, nmixx, ive,â€¦",ESFP
252,1571183965142228993,manifestluvv,ã‚¬ãƒ“,"RT @JWSHIMS: à³ƒâ€â· looking for interactive #moots

âš rox
âš she/her, esfp
âš multistan
âš looking for engene &amp; fearnot moots, but any fandom isâ€¦",ESFP
253,1579237818924236800,rickycarioca,â½ miih ! âœ¹ RICKY FROM ZB1,"RT @IOVEDYN: hi i'm sean, lf moots! ğŸŒ¿
â˜†: 04 liner, he/they, esfp.  
ultsÂ¡!: kep1er, twice, newjeans, lsfm, stayc, aespa, itzy, nmixx, ive,â€¦",ESFP
254,1495539776576901120,unwavringheart,aster,@LUVRZR0CK @itnkill @qiyanator why would you want someone to be esfp or isfp.,ESFP
255,1478662022669737989,moaismee,The Mimi âœ¢ğŸ¦Š Chapter,"RT @IOVEDYN: hi i'm sean, lf moots! ğŸŒ¿
â˜†: 04 liner, he/they, esfp.  
ultsÂ¡!: kep1er, twice, newjeans, lsfm, stayc, aespa, itzy, nmixx, ive,â€¦",ESFP
256,766989275699314689,smalltalkhood,rob,"@staceys_room esfp !!! my bias is chan, wreckers r han lino changbin &amp; idk if u wanna know still but i saw comments ab signs so thats aries",ESFP
257,1570329400587210753,lhdbmns,âœ©Â°ï½¡ eli â·,"RT @IOVEDYN: hi i'm sean, lf moots! ğŸŒ¿
â˜†: 04 liner, he/they, esfp.  
ultsÂ¡!: kep1er, twice, newjeans, lsfm, stayc, aespa, itzy, nmixx, ive,â€¦",ESFP
258,1599762894052278273,drmsheadline,kat/ash ê•¤*.,"RT @IOVEDYN: hi i'm sean, lf moots! ğŸŒ¿
â˜†: 04 liner, he/they, esfp.  
ultsÂ¡!: kep1er, twice, newjeans, lsfm, stayc, aespa, itzy, nmixx, ive,â€¦",ESFP
259,1645705739569332224,verh4ns,tai,@hyupwr it changed to esfp bye,ESFP
260,1417546008272117760,CuteBabyBear3,Jo || TXT_SweetğŸ’—,"RT @IOVEDYN: hi i'm sean, lf moots! ğŸŒ¿
â˜†: 04 liner, he/they, esfp.  
ultsÂ¡!: kep1er, twice, newjeans, lsfm, stayc, aespa, itzy, nmixx, ive,â€¦",ESFP
261,1555427982285619201,lov3d_y0u_be,kariâ˜†,"RT @IOVEDYN: hi i'm sean, lf moots! ğŸŒ¿
â˜†: 04 liner, he/they, esfp.  
ultsÂ¡!: kep1er, twice, newjeans, lsfm, stayc, aespa, itzy, nmixx, ive,â€¦",ESFP
262,1239015393869459456,gaonmylove_,â€§Í™âºËš*ï½¥à¼“â˜¾ Jax â˜½à¼“ï½¥*Ëšâºâ€§Í™ || possibly seeing p1h !!,"RT @IOVEDYN: hi i'm sean, lf moots! ğŸŒ¿
â˜†: 04 liner, he/they, esfp.  
ultsÂ¡!: kep1er, twice, newjeans, lsfm, stayc, aespa, itzy, nmixx, ive,â€¦",ESFP
263,1228309796627124224,4nge_lovsun,Ange ğŸ€ DARK BLâ˜¾â˜½D SOON,"RT @JWSHIMS: à³ƒâ€â· looking for interactive #moots

âš rox
âš she/her, esfp
âš multistan
âš looking for engene &amp; fearnot moots, but any fandom isâ€¦",ESFP
264,1570836058400751616,madie_thami,madcha ğŸˆâ€â¬›,Why am i esfp now lmao,ESFP
265,1649339070433357824,loonaesvt,axel Ã¦spicy,"RT @IOVEDYN: hi i'm sean, lf moots! ğŸŒ¿
â˜†: 04 liner, he/they, esfp.  
ultsÂ¡!: kep1er, twice, newjeans, lsfm, stayc, aespa, itzy, nmixx, ive,â€¦",ESFP
266,1492195218619514880,channieshadow,chris wifey â˜†âµ,"RT @IOVEDYN: hi i'm sean, lf moots! ğŸŒ¿
â˜†: 04 liner, he/they, esfp.  
ultsÂ¡!: kep1er, twice, newjeans, lsfm, stayc, aespa, itzy, nmixx, ive,â€¦",ESFP
267,1649875957233209351,hyukabfs,cat misses txt :(,"RT @IOVEDYN: hi i'm sean, lf moots! ğŸŒ¿
â˜†: 04 liner, he/they, esfp.  
ultsÂ¡!: kep1er, twice, newjeans, lsfm, stayc, aespa, itzy, nmixx, ive,â€¦",ESFP
268,1644180598989414400,gelskyace,shan | ia,"RT @IOVEDYN: hi i'm sean, lf moots! ğŸŒ¿
â˜†: 04 liner, he/they, esfp.  
ultsÂ¡!: kep1er, twice, newjeans, lsfm, stayc, aespa, itzy, nmixx, ive,â€¦",ESFP
269,1091354202218078208,FAlRYT4LEs,âœµâ˜½ Joo Ã  son prime,"RT @JWSHIMS: à³ƒâ€â· looking for interactive #moots

âš rox
âš she/her, esfp
âš multistan
âš looking for engene &amp; fearnot moots, but any fandom isâ€¦",ESFP
270,1556767594442539009,strwhoon,hk â¨¾,"RT @JWSHIMS: à³ƒâ€â· looking for interactive #moots

âš rox
âš she/her, esfp
âš multistan
âš looking for engene &amp; fearnot moots, but any fandom isâ€¦",ESFP
271,1472955195541893121,ghl_aly,ğ“ğ“µğ”‚ğ“¼ğ“¼ğ“ª | Dark Blood â˜†â˜†â˜†â˜†â˜†,"RT @JWSHIMS: à³ƒâ€â· looking for interactive #moots

âš rox
âš she/her, esfp
âš multistan
âš looking for engene &amp; fearnot moots, but any fandom isâ€¦",ESFP
272,1528364949793394688,NKSHIMS,ÙŒ,"RT @JWSHIMS: à³ƒâ€â· looking for interactive #moots

âš rox
âš she/her, esfp
âš multistan
âš looking for engene &amp; fearnot moots, but any fandom isâ€¦",ESFP
273,1543901413516132353,YAWNZLVRR,á´„Êœá´€ ğŸ•Šï¸,"RT @JWSHIMS: à³ƒâ€â· looking for interactive #moots

âš rox
âš she/her, esfp
âš multistan
âš looking for engene &amp; fearnot moots, but any fandom isâ€¦",ESFP
274,1248032899179429889,LILW0N1E,ÙŒ,"RT @JWSHIMS: à³ƒâ€â· looking for interactive #moots

âš rox
âš she/her, esfp
âš multistan
âš looking for engene &amp; fearnot moots, but any fandom isâ€¦",ESFP
275,1509151720978501635,JWSHIMS,â˜…,"à³ƒâ€â· looking for interactive #moots

âš rox
âš she/her, esfp
âš multistan
âš looking for engene &amp; fearnot moots, but anyâ€¦ https://t.co/FLPUxjFJwy",ESFP
276,1641787390426771459,erleysem,rich,"RT @IOVEDYN: hi i'm sean, lf moots! ğŸŒ¿
â˜†: 04 liner, he/they, esfp.  
ultsÂ¡!: kep1er, twice, newjeans, lsfm, stayc, aespa, itzy, nmixx, ive,â€¦",ESFP
277,1337615137973256192,matryosshkka,aira. â˜†ï¸âµ,"RT @IOVEDYN: hi i'm sean, lf moots! ğŸŒ¿
â˜†: 04 liner, he/they, esfp.  
ultsÂ¡!: kep1er, twice, newjeans, lsfm, stayc, aespa, itzy, nmixx, ive,â€¦",ESFP
278,1651305339365490696,VViiKT0R,â˜€ï¸ViKA !â˜€ï¸ â€¢ edtwt,"RT @mewmewmiio: hi! â€¢á´—â€¢
new to #edtwt

à¼˜â‹†ğŸ‘’
â˜†14
â˜† she/her
â˜†esfp (i think)
â˜† i like music, jewelry, clothing, and anime!
â˜† dni : non edtwt, râ€¦",ESFP
279,1655590828507639808,OKEOKEOKKLALALA,bye,"RT @makocroft: -repost cuz I want more mutuals 

// #hsrtwt #honkaistarrailÂ  #anitwt  #genshintwt

looking for hsr/genshin moots too!

(engâ€¦",ESFP
280,1286329982004887555,ksnnoot,Ù‹kei,"RT @IOVEDYN: hi i'm sean, lf moots! ğŸŒ¿
â˜†: 04 liner, he/they, esfp.  
ultsÂ¡!: kep1er, twice, newjeans, lsfm, stayc, aespa, itzy, nmixx, ive,â€¦",ESFP
281,1261031941433733121,14archimedes,Leno :D,"RT @makocroft: -repost cuz I want more mutuals 

// #hsrtwt #honkaistarrailÂ  #anitwt  #genshintwt

looking for hsr/genshin moots too!

(engâ€¦",ESFP
282,1210252070462341121,jpgwvil,mars ğŸ¹,"RT @IOVEDYN: hi i'm sean, lf moots! ğŸŒ¿
â˜†: 04 liner, he/they, esfp.  
ultsÂ¡!: kep1er, twice, newjeans, lsfm, stayc, aespa, itzy, nmixx, ive,â€¦",ESFP
283,1604910403896705028,85_0q,â€¹ğŸ¹,"RT @IOVEDYN: hi i'm sean, lf moots! ğŸŒ¿
â˜†: 04 liner, he/they, esfp.  
ultsÂ¡!: kep1er, twice, newjeans, lsfm, stayc, aespa, itzy, nmixx, ive,â€¦",ESFP
284,1485309633132908547,monowarmantra,Md Monowar | SuiPad | Avive Citizen,"RT @gabby_world_: ğŸ¨ Gabby Reveal (8) - Raise your AI #NFT ğŸ¨

Full of creativity and a passion for living in the moment, the artistic #ISFPâ€¦",ESFP
285,1407080458278559748,jglowpinks,ğ¬ğ­ğğ¥ğ¥ğš ğŸ§,"RT @IOVEDYN: hi i'm sean, lf moots! ğŸŒ¿
â˜†: 04 liner, he/they, esfp.  
ultsÂ¡!: kep1er, twice, newjeans, lsfm, stayc, aespa, itzy, nmixx, ive,â€¦",ESFP
286,1644670883448123392,prkyona,yona,"RT @IOVEDYN: hi i'm sean, lf moots! ğŸŒ¿
â˜†: 04 liner, he/they, esfp.  
ultsÂ¡!: kep1er, twice, newjeans, lsfm, stayc, aespa, itzy, nmixx, ive,â€¦",ESFP
287,1503301373021995014,qlueemy,bea ğŸ«,"RT @makocroft: -repost cuz I want more mutuals 

// #hsrtwt #honkaistarrailÂ  #anitwt  #genshintwt

looking for hsr/genshin moots too!

(engâ€¦",ESFP
288,1647917917592494082,httpszyraa,Zyra,"RT @IOVEDYN: hi i'm sean, lf moots! ğŸŒ¿
â˜†: 04 liner, he/they, esfp.  
ultsÂ¡!: kep1er, twice, newjeans, lsfm, stayc, aespa, itzy, nmixx, ive,â€¦",ESFP
289,1647219004455493632,darialuvsfelix,daria â˜…âµ,"RT @IOVEDYN: hi i'm sean, lf moots! ğŸŒ¿
â˜†: 04 liner, he/they, esfp.  
ultsÂ¡!: kep1er, twice, newjeans, lsfm, stayc, aespa, itzy, nmixx, ive,â€¦",ESFP
290,1443227118314262531,i4L1Z,lore âœ©,"RT @IOVEDYN: hi i'm sean, lf moots! ğŸŒ¿
â˜†: 04 liner, he/they, esfp.  
ultsÂ¡!: kep1er, twice, newjeans, lsfm, stayc, aespa, itzy, nmixx, ive,â€¦",ESFP
291,1468573930630021121,YJsdalin,Ulap | if moots check ğŸ“Œ,"RT @IOVEDYN: hi i'm sean, lf moots! ğŸŒ¿
â˜†: 04 liner, he/they, esfp.  
ultsÂ¡!: kep1er, twice, newjeans, lsfm, stayc, aespa, itzy, nmixx, ive,â€¦",ESFP
292,1537018752579293184,Samira1vy,â€¢ Samira â€¢,"RT @IOVEDYN: hi i'm sean, lf moots! ğŸŒ¿
â˜†: 04 liner, he/they, esfp.  
ultsÂ¡!: kep1er, twice, newjeans, lsfm, stayc, aespa, itzy, nmixx, ive,â€¦",ESFP
293,1607189850796572672,wonbyuls,kay,zhanghao cuz im esfp and hes isfp https://t.co/4SJRpvLf7q,ESFP
294,1564369886037647361,messyoongi_s,^LyrağŸ‘¾â€¢^ MY WORLD!!!,"RT @IOVEDYN: hi i'm sean, lf moots! ğŸŒ¿
â˜†: 04 liner, he/they, esfp.  
ultsÂ¡!: kep1er, twice, newjeans, lsfm, stayc, aespa, itzy, nmixx, ive,â€¦",ESFP
295,1646034980697698309,youngnyeongsuuu,nyyy || binigyan ng paper flowers,"RT @IOVEDYN: hi i'm sean, lf moots! ğŸŒ¿
â˜†: 04 liner, he/they, esfp.  
ultsÂ¡!: kep1er, twice, newjeans, lsfm, stayc, aespa, itzy, nmixx, ive,â€¦",ESFP
296,1589563687702069250,leyknxws,Ley Know â˜…âµ birth monthâ—ï¸,@staceys_room Esfp and Changbin/Lee KnowğŸ˜œ,ESFP
297,1590489911928446980,huijunsbf,felix à«®ãƒ»ï»Œãƒ»áƒ,"RT @IOVEDYN: hi i'm sean, lf moots! ğŸŒ¿
â˜†: 04 liner, he/they, esfp.  
ultsÂ¡!: kep1er, twice, newjeans, lsfm, stayc, aespa, itzy, nmixx, ive,â€¦",ESFP
298,1655493133000650753,dearu0304,star,"RT @IOVEDYN: hi i'm sean, lf moots! ğŸŒ¿
â˜†: 04 liner, he/they, esfp.  
ultsÂ¡!: kep1er, twice, newjeans, lsfm, stayc, aespa, itzy, nmixx, ive,â€¦",ESFP
299,1638554927558696961,jooyeonation,alfi â›“ï¸,@staceys_room mine's esfp and my bias is chan! https://t.co/2WlGVg6qnX,ESFP
300,1605177622727692288,misamotruther,mars âœ§ #UNLOCKMYWORLD,"RT @IOVEDYN: hi i'm sean, lf moots! ğŸŒ¿
â˜†: 04 liner, he/they, esfp.  
ultsÂ¡!: kep1er, twice, newjeans, lsfm, stayc, aespa, itzy, nmixx, ive,â€¦",ESFP
301,1334025574319177730,Mirabelfan1_,28 days until birthday ğŸ‰ğŸ¥³,"RT @AverageSelena: â™¡Looking for interactive Mootsâ™¡ 
 ê’·ï¸¶ê’·ê’¥ê’·â€§â‚ŠËšà«®ê’°Ëµâ€¢áµœâ€¢Ëµê’±áƒâ€§â‚ŠËšê’·ï¸¶ê’·ê’¥ê’·
â¤I love watching Anime, playing Video games 
â¤Games I play mâ€¦",ESFP
302,1330984165655851008,laurafunnyasl,ğ“›. | 86 days !! |looking for moots,"RT @IOVEDYN: hi i'm sean, lf moots! ğŸŒ¿
â˜†: 04 liner, he/they, esfp.  
ultsÂ¡!: kep1er, twice, newjeans, lsfm, stayc, aespa, itzy, nmixx, ive,â€¦",ESFP
303,1588599953881907200,povmyka,M ğŸ¦– philosopher stoned,pls the infp-t to esfp-? pipeline is real,ESFP
304,1588599953881907200,povmyka,M ğŸ¦– philosopher stoned,i miss people. the esfp in me begging to let me go out again and reconnect but i am so sad and so drained and so biâ€¦ https://t.co/9saZNovWfq,ESFP
305,1433619756557357058,jeonghyonation,itâ€™s joever,maybe jihyo wasnâ€™t lying about being extroverted omg guys i think she really is an esfpâ€¦,ESFP
306,1392905921668472834,loveidolzs,yao ï¸ ï¸ (ã‚ã€‚âˆ‚)ã£ ï¸ ï¸ ï¸ ï¸ ï¸ ï¸ ï¸ ï¸,"RT @makocroft: -repost cuz I want more mutuals 

// #hsrtwt #honkaistarrailÂ  #anitwt  #genshintwt

looking for hsr/genshin moots too!

(engâ€¦",ESFP
307,1653040801591734275,ttokishii,â˜ï¸ check pin twt! (updating),"RT @IOVEDYN: hi i'm sean, lf moots! ğŸŒ¿
â˜†: 04 liner, he/they, esfp.  
ultsÂ¡!: kep1er, twice, newjeans, lsfm, stayc, aespa, itzy, nmixx, ive,â€¦",ESFP
308,3970089372,MegumiBandicot,Megumi Bandicoot,"RT @makocroft: -repost cuz I want more mutuals 

// #hsrtwt #honkaistarrailÂ  #anitwt  #genshintwt

looking for hsr/genshin moots too!

(engâ€¦",ESFP
309,1655277198411018240,xxxike07,ike â˜† || semi ia,"RT @makocroft: -repost cuz I want more mutuals 

// #hsrtwt #honkaistarrailÂ  #anitwt  #genshintwt

looking for hsr/genshin moots too!

(engâ€¦",ESFP
310,1545940327,DrQamarulHassan,Dr M Qamarul Hassan,"The ESFP Personality Type! What does ESFP stand for? | Are you an ESFP? | ESFP Values &amp; Motivations. In this video,â€¦ https://t.co/tf14EvWpEW",ESFP
311,1629065734998609920,keokqi,â˜… KEIO | ON BREAK â€¼ï¸,"RT @makocroft: -repost cuz I want more mutuals 

// #hsrtwt #honkaistarrailÂ  #anitwt  #genshintwt

looking for hsr/genshin moots too!

(engâ€¦",ESFP
312,1230277399532711938,IuffyIuvr,Iux â˜…,if mbti isnt real why am i going insane bc i cant talk (im esfp),ESFP
313,1590915125287985153,haoyyuu,venus | saw n misses yoongi :(,"RT @makocroft: -repost cuz I want more mutuals 

// #hsrtwt #honkaistarrailÂ  #anitwt  #genshintwt

looking for hsr/genshin moots too!

(engâ€¦",ESFP
314,1623987509243056130,querellea,relleaâŠ™â Ï‰â âŠ™!!!,"RT @makocroft: -repost cuz I want more mutuals 

// #hsrtwt #honkaistarrailÂ  #anitwt  #genshintwt

looking for hsr/genshin moots too!

(engâ€¦",ESFP
315,1240225114089607168,Gfs_Ninja4,AmitManna.EthğŸ¤¡,"RT @gabby_world_: ğŸ¨ Gabby Reveal (8) - Raise your AI #NFT ğŸ¨

Full of creativity and a passion for living in the moment, the artistic #ISFPâ€¦",ESFP
316,1628777051736969219,makocroft,mako â˜…,"-repost cuz I want more mutuals 

// #hsrtwt #honkaistarrailÂ  #anitwt  #genshintwt

looking for hsr/genshin moots tâ€¦ https://t.co/ZQtwyApy7I",ESFP
317,901640216070508544,EdgarChihua18,Edgar .,"RT @IOVEDYN: hi i'm sean, lf moots! ğŸŒ¿
â˜†: 04 liner, he/they, esfp.  
ultsÂ¡!: kep1er, twice, newjeans, lsfm, stayc, aespa, itzy, nmixx, ive,â€¦",ESFP
318,1499184231867731971,whyeseo,mary,"RT @IOVEDYN: hi i'm sean, lf moots! ğŸŒ¿
â˜†: 04 liner, he/they, esfp.  
ultsÂ¡!: kep1er, twice, newjeans, lsfm, stayc, aespa, itzy, nmixx, ive,â€¦",ESFP
319,1434723361402200070,dees8i5,dee â˜…â˜…â˜…â˜…â˜… SPICY,"RT @IOVEDYN: hi i'm sean, lf moots! ğŸŒ¿
â˜†: 04 liner, he/they, esfp.  
ultsÂ¡!: kep1er, twice, newjeans, lsfm, stayc, aespa, itzy, nmixx, ive,â€¦",ESFP
320,1654667469821472768,ningztwt,isha,"RT @IOVEDYN: hi i'm sean, lf moots! ğŸŒ¿
â˜†: 04 liner, he/they, esfp.  
ultsÂ¡!: kep1er, twice, newjeans, lsfm, stayc, aespa, itzy, nmixx, ive,â€¦",ESFP
321,1645495604901027866,lvlykaru,cammy ğŸŒ¼,"RT @IOVEDYN: hi i'm sean, lf moots! ğŸŒ¿
â˜†: 04 liner, he/they, esfp.  
ultsÂ¡!: kep1er, twice, newjeans, lsfm, stayc, aespa, itzy, nmixx, ive,â€¦",ESFP
322,1637526437933481994,IOVEDYN,sean Â¡! is meeting dayeon,"hi i'm sean, lf moots! ğŸŒ¿
â˜†: 04 liner, he/they, esfp.  
ultsÂ¡!: kep1er, twice, newjeans, lsfm, stayc, aespa, itzy, nâ€¦ https://t.co/9dk7UImY6q",ESFP
323,1330358447947345923,nningslayer,à«® Ë¶áµ” áµ• áµ”Ë¶ áƒ,"ngl i was pretty popular back then, but then the pandemic came--i couldn't jpjp anymore at pujasğŸ’€ğŸ˜­ my esfp ass realâ€¦ https://t.co/a97VvPXNrQ",ESFP
324,1615108858036330533,beidousb,euniceğŸ‡³ğŸ‡µ,"RT @makocroft: // #hsrtwt #honkaistarrail 

looking for hsr moots too!

(eng) 17, esfp â€¼ï¸
he/him/they/them
-tbl : 37 ğŸŒŸ sampo main
â €â €â€¦",ESFP
325,1501308187919753216,pinkaurora120,ina â™¡,this is so true ğŸ˜ˆ ESFP here https://t.co/GNrsygOaX1,ESFP
326,1449372552405524491,pkscsk,Simple Boy,"RT @gabby_world_: ğŸ¨ Gabby Reveal (8) - Raise your AI #NFT ğŸ¨

Full of creativity and a passion for living in the moment, the artistic #ISFPâ€¦",ESFP
327,1309614070983688192,kryptonography,lilah â˜½â˜¾,@shuyeonify if you look up hope itâ€™ll say esfp but i strongly disagree,ESFP
328,1470684512921141251,yippuichu,plant.bnb,"RT @gabby_world_: ğŸ¨ Gabby Reveal (8) - Raise your AI #NFT ğŸ¨

Full of creativity and a passion for living in the moment, the artistic #ISFPâ€¦",ESFP
329,3970089372,MegumiBandicot,Megumi Bandicoot,"RT @rainbowtopings: Redo number 3 go!!! (ï½¡&gt;ï¹&lt;) Ë—ËË‹ â™¡ ËËŠË—

â€Ë–Â°    â€Ë–Â°
looking for #hsrtwt moots!!      
  á¶» ğ—“ ğ° I am mina! -Ë‹Ëâœ„â”ˆâ”ˆâ”ˆ
march  &amp;â€¦",ESFP
330,1426176658067894282,rainbowtopings,Minaâœ©Â°ï½¡ğŸŠ,"Redo number 3 go!!! (ï½¡&gt;ï¹&lt;) Ë—ËË‹ â™¡ ËËŠË—

â€Ë–Â°    â€Ë–Â°
looking for #hsrtwt moots!!      
  á¶» ğ—“ ğ° I am mina! -Ë‹Ëâœ„â”ˆâ”ˆâ”ˆ
marchâ€¦ https://t.co/h22cSt3AMh",ESFP
331,1640637731859726337,tunaomi_,papermint ğŸ¬,"RT @hrt_cbreros: hii, im new in #studytwt #studytwtph and am looking for moots!!
  about me :&gt;
     Ã— Heart
     Ã— 15, 4th year jhs
     Ã—â€¦",ESFP
332,1354089428646416385,pppowfu,tasha,Like lets be fr here am i an enfp or am i just an anxious esfp,ESFP
333,892490446135476224,mushioguri,LEO (ï½¡â€¢Ì€á´—-)âœ§ #1 sigzai defender,esfp is good. i like that.,ESFP
334,1311496412333449228,T_Player123,Player Dumbass ğŸ¡,"RT @AverageSelena: â™¡Looking for interactive Mootsâ™¡ 
 ê’·ï¸¶ê’·ê’¥ê’·â€§â‚ŠËšà«®ê’°Ëµâ€¢áµœâ€¢Ëµê’±áƒâ€§â‚ŠËšê’·ï¸¶ê’·ê’¥ê’·
â¤I love watching Anime, playing Video games 
â¤Games I play mâ€¦",ESFP
335,1572831688543318017,AverageSelena,Selenurr Â¿ Follows back,"â™¡Looking for interactive Mootsâ™¡ 
 ê’·ï¸¶ê’·ê’¥ê’·â€§â‚ŠËšà«®ê’°Ëµâ€¢áµœâ€¢Ëµê’±áƒâ€§â‚ŠËšê’·ï¸¶ê’·ê’¥ê’·
â¤I love watching Anime, playing Video games 
â¤Games I pâ€¦ https://t.co/hhU086Wara",ESFP
336,261153360,PEDROSQR,pedro,@YENLIVIAHYEs ENFP (it was ESFP when i first did circa 2017),ESFP
337,1412796052965445633,Meg13555381,seungmo.lixâ˜…âµ,"And well I was right, their personalities are so much alike too even their MBTI but with a tiny difference. Misae iâ€¦ https://t.co/qjBz6xaPr7",ESFP
338,4184926641,asemtipovedal,julia ğŸƒ | LOVE FOR JOKER OUT | 39,"i already covered JO somewhere but anyways:
bojan esfp
kris entj
jan isfp
jure enfp
nace infj

brunette enfj

suddeâ€¦ https://t.co/WTm4pnO0Yl",ESFP
339,96147145,monradamn,MGğŸ¦­âœ¨,wangchang said his mbit probably is esfp ( he doesnâ€™t remember ),ESFP
340,1273349940723490816,gcfkitten,miss beehavior,when they ask me what do i like and i try not to describe my ideal type as a nice esfp sx8/sx4 (gender doesn't mattâ€¦ https://t.co/dg9i5qvb0p,ESFP
341,1401940528246177804,0x0786,John Abruzi ğŸš¢ ğŸ‚ ğŸŒ±ğŸŒğŸ›¸ | Suiswap,"RT @gabby_world_: ğŸ¨ Gabby Reveal (8) - Raise your AI #NFT ğŸ¨

Full of creativity and a passion for living in the moment, the artistic #ISFPâ€¦",ESFP
342,1174742792897269761,mortezajoon5,"morva.lens(ğŸŒ¸, ğŸŒ¿)ğŸ›¸mytrust.nft","RT @gabby_world_: ğŸ¨ Gabby Reveal (8) - Raise your AI #NFT ğŸ¨

Full of creativity and a passion for living in the moment, the artistic #ISFPâ€¦",ESFP
343,1269954958226526214,Jignesh14327542,"SuiFrens AI""| SuiSwap.! ğŸ›¸âšªâš«ğŸ","RT @gabby_world_: ğŸ¨ Gabby Reveal (8) - Raise your AI #NFT ğŸ¨

Full of creativity and a passion for living in the moment, the artistic #ISFPâ€¦",ESFP
344,1351970074257666050,KriptVal,KriptValğŸï¸ğŸï¸ğŸï¸ğŸï¸ğŸï¸ğŸï¸,"RT @gabby_world_: ğŸ¨ Gabby Reveal (8) - Raise your AI #NFT ğŸ¨

Full of creativity and a passion for living in the moment, the artistic #ISFPâ€¦",ESFP
345,173926473,BLenjoyer1,Aki/Jen | semi-hiatus | TMS brainrot,"@gamchin_ Also, just because you see them on camera, doesn't mean you see their true selves? Point a camera on me aâ€¦ https://t.co/XOr6mDlrai",ESFP
346,13715922,neeraji2it,Imperishable ğŸ ğŸ›¸ | Avive Citizen | MantleSwap,"RT @gabby_world_: ğŸ¨ Gabby Reveal (8) - Raise your AI #NFT ğŸ¨

Full of creativity and a passion for living in the moment, the artistic #ISFPâ€¦",ESFP
347,1567591960780718081,Flooptii,luck (blade? edition),"@bubblybearcx Mine swaps every year, i have INFP then ESFP then INTP and i think the last one was ISTJ",ESFP
348,262795624,PersonalityHack,Personality Hacker,"Full Ep 474 â€” https://t.co/WcvlOiOyG1

Setting an Example as a Leader Is Important

#leadership #leadershipstylesâ€¦ https://t.co/Jzh6CJa5MK",ESFP
349,861318274918821889,ellerbrinn,yenna. ğŸ˜ˆ JUNHAN STAN ACC.,"@sweetheartode ily DIMIIII ğŸ«¶ğŸ»ğŸ«¶ğŸ»

QUICK tell me if it's true for you ğŸ‘€
https://t.co/1LhGWMfxpL",ESFP
350,1419381540077899783,ScrapFighter,SCRAP Fighter,"@nejsnave I havevthis book which indicated given I'm ESFP personality,  it was a perfect fit for career choice, pluâ€¦ https://t.co/JUFbUVKPbS",ESFP
351,1161365451848474624,SoSyncd,So Syncd,"How compatible are ENTPs and INFJs? Follow @SoSyncd to see the next pairings! ğŸ’™

Join @SoSyncd today to meet your pâ€¦ https://t.co/VFizdG1voV",ESFP
352,1534738573815324673,choegyeonglyeol,ìµœê²½ë ¬ I YouSUI ğŸ ğŸ”…,"RT @gabby_world_: ğŸ¨ Gabby Reveal (8) - Raise your AI #NFT ğŸ¨

Full of creativity and a passion for living in the moment, the artistic #ISFPâ€¦",ESFP
353,1466431662,arieseIIa,â˜†ries,"@alkaezh Kalo menurut aku kak Jojo condong ke ENFP, sih. Kaya point: Mood making is one of my job, I am full of emoâ€¦ https://t.co/SU5y4myhNI",ESFP
354,1331620633726259200,ssefnum,"Ssefnum ON, cek likes. ğŸ’š","-rl hELLO iâ€™m in a mission to seeking a bunch of new pals. a little information about me; an esfp, goes by she/theyâ€¦ https://t.co/SNPjB1qRyH",ESFP
355,1528980920262242304,zhanghaocunt,moved,@rickysfeed i first stanned twice in 2018-2019.. and my mbti is esfp!,ESFP
356,1443474666283159554,DaniellMoe,Bluey (Heavy Hiatus),"RT @cloumello: MBTI doodlesâœ¨ï¸

#mbti #mbtiart #mbtifanart 
#ENTP #INTP #ENTJ #INTJ
#ENFP #INFP #ENFJ #INFJ
#ESTP #ISTP #ESFP #ISFP
#ESTJ #Iâ€¦",ESFP
357,895849370704166912,INS913DEVIL,devilyt.bnb,"RT @gabby_world_: ğŸ¨ Gabby Reveal (8) - Raise your AI #NFT ğŸ¨

Full of creativity and a passion for living in the moment, the artistic #ISFPâ€¦",ESFP
358,3391951978,aderibi01974063,PrincessbadeğŸŒŠğŸ“˜(44.4%)#MintSquareâšªâš«,"RT @gabby_world_: ğŸ¨ Gabby Reveal (8) - Raise your AI #NFT ğŸ¨

Full of creativity and a passion for living in the moment, the artistic #ISFPâ€¦",ESFP
359,1585186847671562240,ctgDao,Ctgdao,"RT @gabby_world_: ğŸ¨ Gabby Reveal (8) - Raise your AI #NFT ğŸ¨

Full of creativity and a passion for living in the moment, the artistic #ISFPâ€¦",ESFP
360,1382715313523855361,Abhishe81415665,seniorcare.bnbğŸ | Suiswap,"RT @gabby_world_: ğŸ¨ Gabby Reveal (8) - Raise your AI #NFT ğŸ¨

Full of creativity and a passion for living in the moment, the artistic #ISFPâ€¦",ESFP
